日付,決算,証憑,コード,科目名,コード,補助名,コード,部門名,税コード,税率,コード,科目名,コード,補助名,コード,部門名,税コード,税率,金額,消費税,摘要,取引先,メモ,事務所メモ
2024/10/2,,,1112,普通預金,2,,    ,,810,,1142,売掛金,3191,,    ,,810,,4400,,売掛の入金　手数料売上,㈲ジョイフ,,
2024/10/4,,,1112,普通預金,2,,    ,,810,,1142,売掛金,3031,,    ,,810,,9317,,売掛の入金　手数料売上,キュービクス,,
2024/10/4,,,1112,普通預金,2,,    ,,810,,1142,売掛金,3056,,    ,,810,,14267,,売掛の入金　手数料売上,新富,,
2024/10/4,,,1112,普通預金,2,,    ,,810,,1142,売掛金,3193,,    ,,810,,6050,,売掛の入金　手数料売上,イマージアクト　キシ,,
2024/10/7,,,1112,普通預金,1,,    ,,810,,1142,売掛金,3207,,    ,,810,,14575,,売掛の入金　手数料売上,㈱アライン,,
2024/10/7,,,1112,普通預金,2,,    ,,810,,1142,売掛金,3165,,    ,,810,,2970,,売掛の入金　手数料売上,㈱リフト,,
2024/10/7,,,1112,普通預金,2,,    ,,810,,1142,売掛金,3001,,    ,,810,,1650,,売掛の入金　手数料売上,㈱あおば,,
2024/10/7,,,1112,普通預金,2,,    ,,810,,1142,売掛金,3081,,    ,,810,,14366,,売掛の入金　手数料売上,ニュータウン㈱,,
2024/10/7,,,1112,普通預金,2,,    ,,810,,1142,売掛金,3042,,    ,,810,,1408,,売掛の入金　手数料売上,さかい医院,,
2024/10/7,,,1112,普通預金,2,,    ,,810,,1142,売掛金,3125,,    ,,810,,12298,,売掛の入金　手数料売上,㈲海老民,,
2024/10/7,,,1112,普通預金,2,,    ,,810,,1142,売掛金,3084,,    ,,810,,10857,,売掛の入金　手数料売上,ハヤシ　オウスケ,,
2024/10/7,,,1112,普通預金,2,,    ,,810,,1142,売掛金,3091,,    ,,810,,1309,,売掛の入金　手数料売上,美容室コパン,,
2024/10/7,,,1112,普通預金,2,,    ,,810,,1142,売掛金,1009,,    ,,810,,550,,売掛の入金　手数料売上,二宮内科小児科クリニック,,
2024/10/7,,,6231,雑費,    ,,0,共通部門,511,10,1142,売掛金,3207,,    ,,810,,350,35,振込手数料,,,
2024/10/8,,,1112,普通預金,2,,    ,,810,,1142,売掛金,3182,,    ,,810,,13288,,売掛の入金　手数料売上,㈱メイツ電子,,
2024/10/8,,,1112,普通預金,2,,    ,,810,,1142,売掛金,3112,,    ,,810,,2618,,売掛の入金　手数料売上,やきとり山吹,,
2024/10/8,,,1112,普通預金,2,,    ,,810,,1142,売掛金,3099,,    ,,810,,6732,,売掛の入金　手数料売上,二子新地整骨院,,
2024/10/8,,,1112,普通預金,2,,    ,,810,,1142,売掛金,3044,,    ,,810,,5621,,売掛の入金　手数料売上,㈲三協エンジニアリング,,
2024/10/8,,,1112,普通預金,2,,    ,,810,,1142,売掛金,3043,,    ,,810,,5709,,売掛の入金　手数料売上,サニーサイド,,
2024/10/9,,,1112,普通預金,2,,    ,,810,,1142,売掛金,3205,,    ,,810,,19800,,売掛の入金　手数料売上,㈱ジャパンプロセス,,
2024/10/9,,,1112,普通預金,2,,    ,,810,,1142,売掛金,3209,,    ,,810,,6248,,売掛の入金　手数料売上,登戸ブレストケアクリニック,,
2024/10/9,,,1112,普通預金,2,,    ,,810,,1142,売掛金,3103,,    ,,810,,1100,,売掛の入金　手数料売上,㈲ホリ造形スタジオ,,
2024/10/9,,,1112,普通預金,2,,    ,,810,,1142,売掛金,3032,,    ,,810,,10417,,売掛の入金　手数料売上,クモイ　ヒデキ,,
2024/10/9,,,1112,普通預金,2,,    ,,810,,1142,売掛金,3163,,    ,,810,,18139,,売掛の入金　手数料売上,宮崎華園,,
2024/10/10,,,1112,普通預金,2,,    ,,810,,1142,売掛金,2024,,    ,,810,,388685,,売掛の入金　手数料売上,環境オプティマル㈱,,
2024/10/10,,,1112,普通預金,2,,    ,,810,,1142,売掛金,3053,,    ,,810,,23826,,売掛の入金　手数料売上,昇辰電気㈱,,
2024/10/10,,,1112,普通預金,2,,    ,,810,,1142,売掛金,3213,,    ,,810,,63657,,売掛の入金　手数料売上,京浜予防医学研究所,,
2024/10/10,,,1112,普通預金,2,,    ,,810,,1142,売掛金,3073,,    ,,810,,6421,,売掛の入金　手数料売上,東洋エレメント工業㈱,,
2024/10/10,,,1112,普通預金,2,,    ,,810,,1142,売掛金,3066,,    ,,810,,5621,,売掛の入金　手数料売上,多摩食事サービスかりん,,
2024/10/10,,,6220,支払手数料,    ,,0,共通部門,310,10,1142,売掛金,2024,,    ,,810,,350,35,振込手数料相殺,環境オプティマル,,
2024/10/10,,,6231,雑費,    ,,0,共通部門,511,10,1142,売掛金,3213,,    ,,810,,400,40,振込手数料,,,
2024/10/11,,,1112,普通預金,2,,    ,,810,,1142,売掛金,1014,,    ,,810,,550,,売掛の入金　手数料売上,武蔵小杉エリアマネジメント,,
2024/10/11,,,1112,普通預金,2,,    ,,810,,1142,売掛金,3129,,    ,,810,,5621,,売掛の入金　手数料売上,中華福林　エンドウ,,
2024/10/15,,,1112,普通預金,2,,    ,,810,,1142,売掛金,3052,,    ,,810,,6633,,売掛の入金　手数料売上,㈱ジャクエツ,,
2024/10/15,,,1112,普通預金,2,,    ,,810,,1142,売掛金,3030,,    ,,810,,3509,,売掛の入金　手数料売上,川崎建設㈱,,
2024/10/15,,,1112,普通預金,2,,    ,,810,,1142,売掛金,3148,,    ,,810,,32604,,売掛の入金　手数料売上,中日本エクストール,,
2024/10/15,,,1112,普通預金,2,,    ,,810,,1142,売掛金,3026,,    ,,810,,15521,,売掛の入金　手数料売上,セトケンジ,,
2024/10/15,,,1112,普通預金,2,,    ,,810,,1142,売掛金,3147,,    ,,810,,44627,,売掛の入金　手数料売上(５月分）,㈱ワンラインシステム,,
2024/10/16,,,1112,普通預金,2,,    ,,810,,1142,売掛金,3051,,    ,,810,,35585,,売掛の入金　手数料売上,七五三寿司,,
2024/10/17,,,1112,普通預金,2,,    ,,810,,1142,売掛金,3054,,    ,,810,,12441,,売掛の入金　手数料売上,㈲珠洲,,
2024/10/21,,,1112,普通預金,1,,    ,,810,,1142,売掛金,3173,,    ,,810,,19360,,売掛の入金　手数料売上,川崎市中部児童相談所,,
2024/10/21,,,1112,普通預金,1,,    ,,810,,1142,売掛金,3173,,    ,,810,,1760,,売掛の入金　手数料売上,川崎市中部児童相談所,,
2024/10/21,,,1112,普通預金,1,,    ,,810,,1142,売掛金,2047,,    ,,810,,126368,,売掛の入金　手数料売上,京浜総合病院,,
2024/10/21,,,1112,普通預金,2,,    ,,810,,1142,売掛金,3059,,    ,,810,,28787,,売掛の入金　手数料売上,ブリヂストンリテールジャパン,,
2024/10/21,,,1112,普通預金,2,,    ,,810,,1142,売掛金,2543,,    ,,810,,34078,,売掛の入金　手数料売上,ブリヂストンタイヤソリューション,,
2024/10/21,,,1112,普通預金,2,,    ,,810,,1142,売掛金,3060,,    ,,810,,28523,,売掛の入金　手数料売上,太陽第一幼稚園,,
2024/10/21,,,6231,雑費,    ,,0,共通部門,511,10,1142,売掛金,2047,,    ,,810,,800,80,振込手数料,,,
2024/10/22,,,1112,普通預金,2,,    ,,810,,1142,売掛金,3010,,    ,,810,,11550,,売掛の入金　手数料売上,井出紙工,,
2024/10/22,,,1112,普通預金,2,,    ,,810,,1142,売掛金,3104,,    ,,810,,1309,,売掛の入金　手数料売上,イイデヨシコ,,
2024/10/24,,,1112,普通預金,2,,    ,,810,,1142,売掛金,3022,,    ,,810,,1408,,売掛の入金　手数料売上,小笠原会計事務所,,
2024/10/24,,,1112,普通預金,2,,    ,,810,,1142,売掛金,3201,,    ,,810,,2200,,売掛の入金　手数料売上,オールマイト㈱,,
2024/10/24,,,1112,普通預金,2,,    ,,810,,1142,売掛金,3134,,    ,,810,,7084,,売掛の入金　手数料売上,フローラル夢木香,,
2024/10/25,,,1112,普通預金,2,,    ,,810,,1142,売掛金,3107,,    ,,810,,2816,,売掛の入金　手数料売上,㈲水谷建築設計事務所,,
2024/10/25,,,1112,普通預金,2,,    ,,810,,1142,売掛金,3041,,    ,,810,,20922,,売掛の入金　手数料売上,亀ヶ谷モータース,,
2024/10/25,,,1112,普通預金,2,,    ,,810,,1142,売掛金,3137,,    ,,810,,17798,,売掛の入金　手数料売上,㈱SHUHEI,,
2024/10/25,,,1112,普通預金,2,,    ,,810,,1142,売掛金,3097,,    ,,810,,15114,,売掛の入金　手数料売上,不二プラント工業,,
2024/10/25,,,1112,普通預金,2,,    ,,810,,1142,売掛金,34,,    ,,810,,2827,,売掛の入金　手数料売上,シエスタ・オキシジェノ,,
2024/10/27,,,6220,支払手数料,    ,,0,共通部門,310,10,1142,売掛金,3008,,    ,,810,,540,54,振込手数料相殺,板垣電子工業,,
2024/10/28,,,1112,普通預金,2,,    ,,810,,1142,売掛金,2026,,    ,,810,,1177110,,売掛の入金　手数料売上,三友商事,,
2024/10/28,,,1112,普通預金,2,,    ,,810,,1142,売掛金,3120,,    ,,810,,6017,,売掛の入金　手数料売上,リィー・サンク,,
2024/10/28,,,1112,普通預金,2,,    ,,810,,1142,売掛金,3192,,    ,,810,,19800,,売掛の入金　手数料売上,㈱NTプラス,,
2024/10/28,,,1112,普通預金,2,,    ,,810,,1142,売掛金,3169,,    ,,810,,5621,,売掛の入金　手数料売上,やきとりおしどり　,,
2024/10/29,,,1112,普通預金,2,,    ,,810,,1142,売掛金,3178,,    ,,810,,1650,,売掛の入金　手数料売上,福吉塗装,,
2024/10/29,,,1112,普通預金,2,,    ,,810,,1142,売掛金,3079,,    ,,810,,2332,,売掛の入金　手数料売上,㈲日成工業,,
2024/10/29,,,1101,現金,    ,,    ,,810,,1142,売掛金,3108,,    ,,810,,1650,,,㈲溝ノ口製麺渡辺商会,,
2024/10/29,,,1112,普通預金,2,,    ,,810,,1142,売掛金,3043,,    ,,810,,6017,,売掛の入金　手数料売上,サニーサイド,,
2024/10/30,,,1112,普通預金,2,,    ,,810,,1142,売掛金,3095,,    ,,810,,9801,,売掛の入金　手数料売上,フェイス　スズキ,,
2024/10/30,,,1112,普通預金,2,,    ,,810,,1142,売掛金,3011,,    ,,810,,38544,,売掛の入金　手数料売上,イノベイションオブメディカル,,
2024/10/30,,,1112,普通預金,2,,    ,,810,,1142,売掛金,36,,    ,,810,,1650,,売掛の入金　手数料売上,Y-Bee　FARM　ヨシダ,,
2024/10/31,,,1112,普通預金,2,,    ,,810,,1142,売掛金,1019,,    ,,810,,1650,,売掛の入金　手数料売上,川崎オキシトン,,
2024/10/31,,,1112,普通預金,2,,    ,,810,,1142,売掛金,3045,,    ,,810,,31900,,売掛の入金　手数料売上,サンメディックス㈱,,
2024/10/31,,,1112,普通預金,2,,    ,,810,,1142,売掛金,2126,,    ,,810,,22000,,売掛の入金　手数料売上,NECライベックス,,
2024/10/31,,,1112,普通預金,2,,    ,,810,,1142,売掛金,2126,,    ,,810,,17600,,売掛の入金　手数料売上,NECライベックス,,
2024/10/31,,,1112,普通預金,2,,    ,,810,,1142,売掛金,3118,,    ,,810,,5621,,売掛の入金　手数料売上,ライフテック,,
2024/10/31,,,1112,普通預金,2,,    ,,810,,1142,売掛金,3049,,    ,,810,,8261,,売掛の入金　手数料売上,シテーィ企画工業,,
2024/10/31,,,1112,普通預金,2,,    ,,810,,1142,売掛金,1,,    ,,810,,906026,,売掛の入金　手数料売上,大興資源,,
2024/10/31,,,1112,普通預金,2,,    ,,810,,1142,売掛金,3098,,    ,,810,,20108,,売掛の入金　手数料売上,フジヤモデル,,
2024/10/31,,,1112,普通預金,2,,    ,,810,,1142,売掛金,3165,,    ,,810,,4400,,売掛の入金　手数料売上,リフト,,
2024/10/31,,,1112,普通預金,2,,    ,,810,,1142,売掛金,3159,,    ,,810,,110000,,売掛の入金　手数料売上,カナイエンタープライズ,,
2024/10/31,,,1112,普通預金,2,,    ,,810,,1142,売掛金,3007,,    ,,810,,16599,,売掛の入金　手数料売上,イーストサウンド,,
2024/10/31,,,1112,普通預金,2,,    ,,810,,1142,売掛金,3018,,    ,,810,,1650,,売掛の入金　手数料売上,荏原実業㈱,,
2024/10/31,,,1112,普通預金,2,,    ,,810,,1142,売掛金,3106,,    ,,810,,66671,,売掛の入金　手数料売上,岬水産,,
2024/10/31,,,1112,普通預金,2,,    ,,810,,1142,売掛金,3028,,    ,,810,,47597,,売掛の入金　手数料売上,神奈川中央交通東㈱,,
2024/10/31,,,1112,普通預金,2,,    ,,810,,1142,売掛金,3204,,    ,,810,,33000,,売掛の入金　手数料売上,ティーエスエンバイロ,,
2024/10/31,,,1112,普通預金,2,,    ,,810,,1142,売掛金,3187,,    ,,810,,1980,,売掛の入金　手数料売上,グリーン調剤薬局,,
2024/10/31,,,1112,普通預金,2,,    ,,810,,1142,売掛金,3069,,    ,,810,,10120,,売掛の入金　手数料売上,ユニック産業,,
2024/10/31,,,1112,普通預金,2,,    ,,810,,1142,売掛金,3070,,    ,,810,,3300,,売掛の入金　手数料売上,ティーエム設備工業,,
2024/10/31,,,1112,普通預金,2,,    ,,810,,1142,売掛金,35,,    ,,810,,32142,,売掛の入金　手数料売上,㈱ビーナス,,
2024/10/31,,,1112,普通預金,2,,    ,,810,,1142,売掛金,3034,,    ,,810,,41839,,売掛の入金　手数料売上,長谷工シニアウェルデザイン,,
2024/10/31,,,1112,普通預金,2,,    ,,810,,1142,売掛金,3017,,    ,,810,,9097,,売掛の入金　手数料売上,英和工業,,
2024/10/31,,,1112,普通預金,2,,    ,,810,,1142,売掛金,3048,,    ,,810,,5621,,売掛の入金　手数料売上,ジェーケービー,,
2024/10/31,,,1112,普通預金,2,,    ,,810,,1142,売掛金,1004,,    ,,810,,550,,売掛の入金　手数料売上,リタリコ,,
2024/10/31,,,1112,普通預金,2,,    ,,810,,1142,売掛金,3147,,    ,,810,,45430,,売掛の入金　手数料売上,バトロコ,,
2024/10/31,,,1112,普通預金,2,,    ,,810,,1142,売掛金,3126,,    ,,810,,59741,,売掛の入金　手数料売上,メッドトラスト東京,,
2024/10/31,,,1112,普通預金,2,,    ,,810,,1142,売掛金,3131,,    ,,810,,77539,,売掛の入金　手数料売上,キンキショウジ,,
2024/10/31,,,1112,普通預金,2,,    ,,810,,1142,売掛金,3046,,    ,,810,,19206,,売掛の入金　手数料売上,賛友精機,,
2024/10/31,,,1112,普通預金,2,,    ,,810,,1142,売掛金,3058,,    ,,810,,1408,,売掛の入金　手数料売上,大丸化工,,
2024/10/31,,,1112,普通預金,2,,    ,,810,,1142,売掛金,3185,,    ,,810,,44000,,売掛の入金　手数料売上,有馬病院,,
2024/10/31,,,1112,普通預金,2,,    ,,810,,1142,売掛金,3068,,    ,,810,,10450,,売掛の入金　手数料売上,地質計測,,
2024/10/31,,,1112,普通預金,2,,    ,,810,,1142,売掛金,1017,,    ,,810,,4400,,売掛の入金　手数料売上,エスエフインフォネット,,
2024/10/31,,,1112,普通預金,2,,    ,,810,,1142,売掛金,3170,,    ,,810,,5621,,売掛の入金　手数料売上,アースキッズ,,
2024/10/31,,,1112,普通預金,2,,    ,,810,,1142,売掛金,1008,,    ,,810,,5500,,売掛の入金　手数料売上,エムコミュー,,
2024/10/31,,,1112,普通預金,2,,    ,,810,,1142,売掛金,3096,,    ,,810,,11220,,売掛の入金　手数料売上,富士教材,,
2024/10/31,,,1112,普通預金,2,,    ,,810,,1142,売掛金,3114,,    ,,810,,29161,,売掛の入金　手数料売上,エコミット,,
2024/10/31,,,1112,普通預金,2,,    ,,810,,1142,売掛金,3024,,    ,,810,,6039,,売掛の入金　手数料売上,奥村動物病院,,
2024/10/31,,,1112,普通預金,2,,    ,,810,,1142,売掛金,3047,,    ,,810,,1650,,売掛の入金　手数料売上,ジーエヌイー,,
2024/10/31,,,1112,普通預金,2,,    ,,810,,1142,売掛金,3179,,    ,,810,,5280,,売掛の入金　手数料売上,ロクマル,,
2024/10/31,,,1112,普通預金,2,,    ,,810,,1142,売掛金,2011,,    ,,810,,36850,,売掛の入金　手数料売上,リーズジャパン,,
2024/10/31,,,1112,普通預金,2,,    ,,810,,1142,売掛金,3211,,    ,,810,,6248,,売掛の入金　手数料売上,スリーアール R6/8売上未入金,,
2024/10/31,,,1112,普通預金,1,,    ,,810,,1142,売掛金,2,,    ,,810,,341517,,売掛の入金　手数料売上　こづか㈱,,,
2024/10/31,,,1112,普通預金,1,,    ,,810,,1142,売掛金,1007,,    ,,810,,1100,,売掛の入金　手数料売上,ティーケープロジェクト,,
2024/10/31,,,1112,普通預金,1,,    ,,810,,1142,売掛金,2010,,    ,,810,,15224,,売掛の入金　手数料売上,ラボラトリー,,
2024/10/31,,,1112,普通預金,1,,    ,,810,,1142,売掛金,3,,    ,,810,,9864983,,市　収集計画,,,
2024/10/31,,,1112,普通預金,1,,    ,,810,,1142,売掛金,1011,,    ,,810,,4400,,売掛の入金　手数料売上,いい食,,
2024/10/31,,,1112,普通預金,1,,    ,,810,,1142,売掛金,2001,,    ,,810,,269500,,売掛の入金　手数料売上,J&T環境㈱,,
2024/10/31,,,1112,普通預金,1,,    ,,810,,1142,売掛金,3200,,    ,,810,,165973,,売掛の入金　手数料売上,サティスファクトリー,,
2024/10/31,,,1142,売掛金,33,,    ,,810,,4103,手数料売上,    ,,1,横浜,110,10,8840,884,10月分 手数料売上,㈱Gradeup,,
2024/10/31,,,1142,売掛金,34,,    ,,810,,4103,手数料売上,    ,,1,横浜,110,10,1380,138,10月分 手数料売上,㈱siesta,,
2024/10/31,,,1142,売掛金,35,,    ,,810,,4103,手数料売上,    ,,1,横浜,110,10,29850,2985,10月分 手数料売上,リハフロンティア株式,,
2024/10/31,,,1142,売掛金,1002,,    ,,810,,4103,手数料売上,    ,,1,横浜,110,10,5800,580,10月分 手数料売上,ｱﾘｽﾗｯｼｭ,,
2024/10/31,,,1142,売掛金,1003,,    ,,810,,4103,手数料売上,    ,,1,横浜,110,10,2500,250,10月分 手数料売上,ｽﾅｯｸ千恵　【大興に請求】,,
2024/10/31,,,1142,売掛金,1007,,    ,,810,,4103,手数料売上,    ,,1,横浜,110,10,1000,100,10月分 手数料売上,TKプロジェクト,,
2024/10/31,,,1142,売掛金,1008,,    ,,810,,4103,手数料売上,    ,,1,横浜,110,10,17300,1730,10月分 手数料売上,溝の口ｵﾌｨｽ,,
2024/10/31,,,1142,売掛金,1010,,    ,,810,,4103,手数料売上,    ,,1,横浜,110,10,5300,530,10月分 手数料売上,ing平間店,,
2024/10/31,,,1142,売掛金,1011,,    ,,810,,4103,手数料売上,    ,,1,横浜,110,10,17000,1700,10月分 手数料売上,こぱんはうすさくら久,,
2024/10/31,,,1142,売掛金,1012,,    ,,810,,4103,手数料売上,    ,,1,横浜,110,10,7500,750,10月分 手数料売上,美・ﾃﾞｻﾞｲﾝ　【大興へ請求】,,
2024/10/31,,,1142,売掛金,1013,,    ,,810,,4103,手数料売上,    ,,1,横浜,110,10,9300,930,10月分 手数料売上,平間耳鼻咽喉科,,
2024/10/31,,,1142,売掛金,1014,,    ,,810,,4103,手数料売上,    ,,1,横浜,110,10,1000,100,10月分 手数料売上,小杉駅周辺エリアマネ,,
2024/10/31,,,1142,売掛金,1017,,    ,,810,,4103,手数料売上,    ,,1,横浜,110,10,5000,500,10月分 手数料売上,ｾﾝﾄﾗﾙ薬局,,
2024/10/31,,,1142,売掛金,1019,,    ,,810,,4103,手数料売上,    ,,1,横浜,110,10,1500,150,10月分 手数料売上,川崎ｵｷｼﾄﾝ,,
2024/10/31,,,1142,売掛金,2001,,    ,,810,,4103,手数料売上,    ,,1,横浜,110,10,248500,24850,10月分 手数料売上,J&T環境,,
2024/10/31,,,1142,売掛金,2010,,    ,,810,,4103,手数料売上,    ,,1,横浜,110,10,14970,1497,10月分 手数料売上,ラボラトリー,,
2024/10/31,,,1142,売掛金,2011,,    ,,810,,4103,手数料売上,    ,,1,横浜,110,10,30460,3046,10月分 手数料売上,リーズジャパン,,
2024/10/31,,,1142,売掛金,2024,,    ,,810,,4103,手数料売上,    ,,1,横浜,110,10,377700,37770,10月分 手数料売上,環境ｵﾌﾟﾃｨﾏﾙ,,
2024/10/31,,,1142,売掛金,2026,,    ,,810,,4103,手数料売上,    ,,1,横浜,110,10,670800,67080,10月分 手数料売上,三友商事,,
2024/10/31,,,1142,売掛金,2047,,    ,,810,,4103,手数料売上,    ,,1,横浜,110,10,175820,17582,10月分 手数料売上,京浜総合病院,,
2024/10/31,,,1142,売掛金,2126,,    ,,810,,4103,手数料売上,    ,,1,横浜,110,10,20000,2000,10月分 手数料売上,NECｸﾞﾘｰﾝｽｲﾐﾝｸﾞｸﾗﾌﾞ玉川,,
2024/10/31,,,1142,売掛金,2543,,    ,,810,,4103,手数料売上,    ,,1,横浜,110,10,33100,3310,10月分 手数料売上,ブリヂストンタイヤソリューションジャパン,,
2024/10/31,,,1142,売掛金,2921,,    ,,810,,4103,手数料売上,    ,,1,横浜,110,10,58000,5800,10月分 手数料売上,日本動物高度医療センター,,
2024/10/31,,,1142,売掛金,3001,,    ,,810,,4103,手数料売上,    ,,1,横浜,110,10,2690,269,10月分 手数料売上,あおば,,
2024/10/31,,,1142,売掛金,3003,,    ,,810,,4103,手数料売上,    ,,1,横浜,110,10,10240,1024,10月分 手数料売上,秋山商事,,
2024/10/31,,,1142,売掛金,3007,,    ,,810,,4103,手数料売上,    ,,1,横浜,110,10,14910,1491,10月分 手数料売上,ｲｰｽﾄｻｳﾝﾄﾞ,,
2024/10/31,,,1142,売掛金,3008,,    ,,810,,4103,手数料売上,    ,,1,横浜,110,10,3690,369,10月分 手数料売上,板垣電子工業,,
2024/10/31,,,1142,売掛金,3010,,    ,,810,,4103,手数料売上,    ,,1,横浜,110,10,12020,1202,10月分 手数料売上,井出紙工,,
2024/10/31,,,1142,売掛金,3011,,    ,,810,,4103,手数料売上,    ,,1,横浜,110,10,36010,3601,10月分 手数料売上,ｲﾉﾍﾞｲｼｮﾝｵﾌﾞﾒﾃﾞｨｶﾙｻｰﾋ,,
2024/10/31,,,1142,売掛金,3013,,    ,,810,,4103,手数料売上,    ,,1,横浜,110,10,1380,138,10月分 手数料売上,ｲﾏｰｼﾞｱｸﾄ南加瀬,,
2024/10/31,,,1142,売掛金,3017,,    ,,810,,4103,手数料売上,    ,,1,横浜,110,10,3860,386,10月分 手数料売上,英和工業,,
2024/10/31,,,1142,売掛金,3018,,    ,,810,,4103,手数料売上,    ,,1,横浜,110,10,1500,150,10月分 手数料売上,荏原実業,,
2024/10/31,,,1142,売掛金,3020,,    ,,810,,4103,手数料売上,    ,,1,横浜,110,10,1190,119,10月分 手数料売上,ｴﾝﾃﾞ美容室,,
2024/10/31,,,1142,売掛金,3022,,    ,,810,,4103,手数料売上,    ,,1,横浜,110,10,1280,128,10月分 手数料売上,小笠原会計事務所,,
2024/10/31,,,1142,売掛金,3024,,    ,,810,,4103,手数料売上,    ,,1,横浜,110,10,5110,511,10月分 手数料売上,奥村動物病院,,
2024/10/31,,,1142,売掛金,3026,,    ,,810,,4103,手数料売上,    ,,1,横浜,110,10,15420,1542,10月分 手数料売上,海鮮居酒屋　檸檬,,
2024/10/31,,,1142,売掛金,3028,,    ,,810,,4103,手数料売上,    ,,1,横浜,110,10,156970,15697,10月分 手数料売上,神奈川中央交通東,,
2024/10/31,,,1142,売掛金,3029,,    ,,810,,4103,手数料売上,    ,,1,横浜,110,10,12400,1240,10月分 手数料売上,カフェ　ド　シュロ,,
2024/10/31,,,1142,売掛金,3031,,    ,,810,,4103,手数料売上,    ,,1,横浜,110,10,5750,575,10月分 手数料売上,ｷｭｰﾋﾞｯｸｽ,,
2024/10/31,,,1142,売掛金,3032,,    ,,810,,4103,手数料売上,    ,,1,横浜,110,10,10800,1080,10月分 手数料売上,くもい歯科ｸﾘﾆｸ,,
2024/10/31,,,1142,売掛金,3034,,    ,,810,,4103,手数料売上,    ,,1,横浜,110,10,37530,3753,10月分 手数料売上,ひまわり高津つどいの,,
2024/10/31,,,1142,売掛金,3041,,    ,,810,,4103,手数料売上,    ,,1,横浜,110,10,17140,1714,10月分 手数料売上,ｺﾊﾞｯｸ亀ヶ谷ﾓｰﾀｰｽ,,
2024/10/31,,,1142,売掛金,3042,,    ,,810,,4103,手数料売上,    ,,1,横浜,110,10,1280,128,10月分 手数料売上,さかい医院,,
2024/10/31,,,1142,売掛金,3043,,    ,,810,,4103,手数料売上,    ,,1,横浜,110,10,5470,547,10月分 手数料売上,sunnyこどもｸﾘﾆｯｸ,,
2024/10/31,,,1142,売掛金,3044,,    ,,810,,4103,手数料売上,    ,,1,横浜,110,10,5490,549,10月分 手数料売上,三協ｴﾝｼﾞﾆｱﾘﾝｸﾞ,,
2024/10/31,,,1142,売掛金,3045,,    ,,810,,4103,手数料売上,    ,,1,横浜,110,10,29140,2914,10月分 手数料売上,ｻﾝﾒﾃﾞｨｯｸｽ,,
2024/10/31,,,1142,売掛金,3046,,    ,,810,,4103,手数料売上,    ,,1,横浜,110,10,16440,1644,10月分 手数料売上,賛友精機,,
2024/10/31,,,1142,売掛金,3047,,    ,,810,,4103,手数料売上,    ,,1,横浜,110,10,1500,150,10月分 手数料売上,(株)ＧＮＥ,,
2024/10/31,,,1142,売掛金,3048,,    ,,810,,4103,手数料売上,    ,,1,横浜,110,10,5490,549,10月分 手数料売上,JKB,,
2024/10/31,,,1142,売掛金,3049,,    ,,810,,4103,手数料売上,    ,,1,横浜,110,10,6940,694,10月分 手数料売上,ｼﾃｨｰ企画工業,,
2024/10/31,,,1142,売掛金,3051,,    ,,810,,4103,手数料売上,    ,,1,横浜,110,10,32130,3213,10月分 手数料売上,七五三寿司,,
2024/10/31,,,1142,売掛金,3052,,    ,,810,,4103,手数料売上,    ,,1,横浜,110,10,4450,445,10月分 手数料売上,ｼﾞｬｸｴﾂ,,
2024/10/31,,,1142,売掛金,3053,,    ,,810,,4103,手数料売上,    ,,1,横浜,110,10,29310,2931,10月分 手数料売上,昇辰電気,,
2024/10/31,,,1142,売掛金,3054,,    ,,810,,4103,手数料売上,    ,,1,横浜,110,10,10550,1055,10月分 手数料売上,㈲珠洲,,
2024/10/31,,,1142,売掛金,3056,,    ,,810,,4103,手数料売上,    ,,1,横浜,110,10,13350,1335,10月分 手数料売上,新富,,
2024/10/31,,,1142,売掛金,3058,,    ,,810,,4103,手数料売上,    ,,1,横浜,110,10,1280,128,10月分 手数料売上,大丸化工,,
2024/10/31,,,1142,売掛金,3059,,    ,,810,,4103,手数料売上,    ,,1,横浜,110,10,23650,2365,10月分 手数料売上,ﾀｲﾔ館京浜高津,,
2024/10/31,,,1142,売掛金,3060,,    ,,810,,4103,手数料売上,    ,,1,横浜,110,10,33880,3388,10月分 手数料売上,太陽第一幼稚園,,
2024/10/31,,,1142,売掛金,3066,,    ,,810,,4103,手数料売上,    ,,1,横浜,110,10,5110,511,10月分 手数料売上,多摩食事ｻｰﾋﾞｽかりん,,
2024/10/31,,,1142,売掛金,3069,,    ,,810,,4103,手数料売上,    ,,1,横浜,110,10,7700,770,10月分 手数料売上,津田山製作所,,
2024/10/31,,,1142,売掛金,3070,,    ,,810,,4103,手数料売上,    ,,1,横浜,110,10,3000,300,10月分 手数料売上,ﾃｨｰｴﾑ設備工業,,
2024/10/31,,,1142,売掛金,3073,,    ,,810,,4103,手数料売上,    ,,1,横浜,110,10,5078,507,10月分 手数料売上,東洋ｴﾚﾒﾝﾄ工業㈱,,
2024/10/31,,,1142,売掛金,3074,,    ,,810,,4103,手数料売上,    ,,1,横浜,110,10,4460,446,10月分 手数料売上,ナインデンタルスタジ,,
2024/10/31,,,1142,売掛金,3079,,    ,,810,,4103,手数料売上,    ,,1,横浜,110,10,8140,814,10月分 手数料売上,日成工業,,
2024/10/31,,,1142,売掛金,3081,,    ,,810,,4103,手数料売上,    ,,1,横浜,110,10,12500,1250,10月分 手数料売上,ﾆｭｰﾀｳﾝ㈱鷺沼店,,
2024/10/31,,,1142,売掛金,3084,,    ,,810,,4103,手数料売上,    ,,1,横浜,110,10,8750,875,10月分 手数料売上,林整形外科,,
2024/10/31,,,1142,売掛金,3086,,    ,,810,,4103,手数料売上,    ,,1,横浜,110,10,5300,530,10月分 手数料売上,原田管理商会,,
2024/10/31,,,1142,売掛金,3091,,    ,,810,,4103,手数料売上,    ,,1,横浜,110,10,1190,119,10月分 手数料売上,美容室コパン,,
2024/10/31,,,1142,売掛金,3093,,    ,,810,,4103,手数料売上,    ,,1,横浜,110,10,1570,157,10月分 手数料売上,ﾌﾟｱｶｲ,,
2024/10/31,,,1142,売掛金,3095,,    ,,810,,4103,手数料売上,    ,,1,横浜,110,10,9100,910,10月分 手数料売上,ﾌｪｲｽ,,
2024/10/31,,,1142,売掛金,3096,,    ,,810,,4103,手数料売上,    ,,1,横浜,110,10,11700,1170,10月分 手数料売上 未入金,富士教材,,
2024/10/31,,,1142,売掛金,3098,,    ,,810,,4103,手数料売上,    ,,1,横浜,110,10,13480,1348,10月分 手数料売上,ﾌｼﾞﾔﾓﾃﾞﾙ,,
2024/10/31,,,1142,売掛金,3099,,    ,,810,,4103,手数料売上,    ,,1,横浜,110,10,1950,195,10月分 手数料売上,二子新地整骨院,,
2024/10/31,,,1142,売掛金,3103,,    ,,810,,4103,手数料売上,    ,,1,横浜,110,10,2000,200,10月分 手数料売上,(有)ホリ造形スタジオ,,
2024/10/31,,,1142,売掛金,3104,,    ,,810,,4103,手数料売上,    ,,1,横浜,110,10,1190,119,10月分 手数料売上,ﾎﾟﾋﾟ美容室,,
2024/10/31,,,1142,売掛金,3106,,    ,,810,,4103,手数料売上,    ,,1,横浜,110,10,56920,5692,10月分 手数料売上,岬水産,,
2024/10/31,,,1142,売掛金,3107,,    ,,810,,4103,手数料売上,    ,,1,横浜,110,10,1280,128,10月分 手数料売上 未入金,水谷建築設計事務所,,
2024/10/31,,,1142,売掛金,3108,,    ,,810,,4103,手数料売上,    ,,1,横浜,110,10,1700,170,10月分 手数料売上,溝ノ口製麺渡辺商店,,
2024/10/31,,,1142,売掛金,3109,,    ,,810,,4103,手数料売上,    ,,1,横浜,110,10,1560,156,10月分 手数料売上,ﾒｶﾞﾈｽﾄｱ-武蔵中原店【大興へ請求】,,
2024/10/31,,,1142,売掛金,3112,,    ,,810,,4103,手数料売上,    ,,1,横浜,110,10,3570,357,10月分 手数料売上,やきとり山吹,,
2024/10/31,,,1142,売掛金,3114,,    ,,810,,4103,手数料売上,    ,,1,横浜,110,10,26130,2613,10月分 手数料売上,ﾕｰｽﾞﾚｯﾄ元住吉,,
2024/10/31,,,1142,売掛金,3115,,    ,,810,,4103,手数料売上,    ,,1,横浜,110,10,1950,195,10月分 手数料売上,(有)百合丘ホーム,,
2024/10/31,,,1142,売掛金,3118,,    ,,810,,4103,手数料売上,    ,,1,横浜,110,10,5300,530,10月分 手数料売上,ﾗｲﾌﾃｯｸ,,
2024/10/31,,,1142,売掛金,3119,,    ,,810,,4103,手数料売上,    ,,1,横浜,110,10,7010,701,10月分 手数料売上,ﾗﾝﾄﾞﾗﾝﾄﾞﾘｰ　ﾗﾝﾄﾞﾗﾝﾄﾞﾘｰ読売ﾗﾝﾄﾞ店,,
2024/10/31,,,1142,売掛金,3120,,    ,,810,,4103,手数料売上,    ,,1,横浜,110,10,7850,785,10月分 手数料売上,ﾘｨｰｻﾝｸ,,
2024/10/31,,,1142,売掛金,3125,,    ,,810,,4103,手数料売上,    ,,1,横浜,110,10,11180,1118,10月分 手数料売上,㈲海老民,,
2024/10/31,,,1142,売掛金,3126,,    ,,810,,4103,手数料売上,    ,,1,横浜,110,10,57270,5727,10月分 手数料売上,㈱ﾒｯﾄﾞﾄﾗｽﾄ東京,,
2024/10/31,,,1142,売掛金,3129,,    ,,810,,4103,手数料売上,    ,,1,横浜,110,10,5300,530,10月分 手数料売上,中華福林,,
2024/10/31,,,1142,売掛金,3131,,    ,,810,,4103,手数料売上,    ,,1,横浜,110,10,63230,6323,10月分 手数料売上,べったこ物流,,
2024/10/31,,,1142,売掛金,3134,,    ,,810,,4103,手数料売上,    ,,1,横浜,110,10,5870,587,10月分 手数料売上,ﾌﾛｰﾗﾙ夢木香,,
2024/10/31,,,1142,売掛金,3137,,    ,,810,,4103,手数料売上,    ,,1,横浜,110,10,10900,1090,10月分 手数料売上,SHUHEI,,
2024/10/31,,,1142,売掛金,3147,,    ,,810,,4103,手数料売上,    ,,1,横浜,110,10,46840,4684,10月分 手数料売上,ワンラインシステム,,
2024/10/31,,,1142,売掛金,3148,,    ,,810,,4103,手数料売上,    ,,1,横浜,110,10,29920,2992,10月分 手数料売上,中日本ｴｸｽﾄｰﾙ,,
2024/10/31,,,1142,売掛金,3158,,    ,,810,,4103,手数料売上,    ,,1,横浜,110,10,7960,796,10月分 手数料売上,NPO　SSS,,
2024/10/31,,,1142,売掛金,3159,,    ,,810,,4103,手数料売上,    ,,1,横浜,110,10,100000,10000,10月分 手数料売上,株式会社カナイエンタ,,
2024/10/31,,,1142,売掛金,3163,,    ,,810,,4103,手数料売上,    ,,1,横浜,110,10,17060,1706,10月分 手数料売上,宮崎華園,,
2024/10/31,,,1142,売掛金,3165,,    ,,810,,4103,手数料売上,    ,,1,横浜,110,10,1000,100,10月分 手数料売上,ハウスクリニック,,
2024/10/31,,,1142,売掛金,3166,,    ,,810,,4103,手数料売上,    ,,1,横浜,110,10,4830,483,10月分 手数料売上,いっぽ　百合ヶ丘,,
2024/10/31,,,1142,売掛金,3169,,    ,,810,,4103,手数料売上,    ,,1,横浜,110,10,5300,530,10月分 手数料売上,やきとりおしどり,,
2024/10/31,,,1142,売掛金,3170,,    ,,810,,4103,手数料売上,    ,,1,横浜,110,10,5110,511,10月分 手数料売上,スタジオそら,,
2024/10/31,,,1142,売掛金,3172,,    ,,810,,4103,手数料売上,    ,,1,横浜,110,10,22720,2272,10月分 手数料売上 未回収,(株)優和,,
2024/10/31,,,1142,売掛金,3173,,    ,,810,,4103,手数料売上,    ,,1,横浜,110,10,20800,2080,10月分 手数料売上,川崎市中部児童相談所,,
2024/10/31,,,1142,売掛金,3179,,    ,,810,,4103,手数料売上,    ,,1,横浜,110,10,4040,404,10月分 手数料売上,クラブティピラティス溝の口,,
2024/10/31,,,1142,売掛金,3182,,    ,,810,,4103,手数料売上,    ,,1,横浜,110,10,12080,1208,10月分 手数料売上,㈱メイツ電子,,
2024/10/31,,,1142,売掛金,3018,,    ,,810,,4103,手数料売上,    ,,1,横浜,110,10,3000,300,10月分 手数料売上,荏原実業,,
2024/10/31,,,1142,売掛金,3185,,    ,,810,,4103,手数料売上,    ,,1,横浜,110,10,40000,4000,10月分 手数料売上,有馬病院,,
2024/10/31,,,1142,売掛金,3187,,    ,,810,,4103,手数料売上,    ,,1,横浜,110,10,1800,180,10月分 手数料売上,グリーン調剤薬局,,
2024/10/31,,,1142,売掛金,3205,,    ,,810,,4103,手数料売上,    ,,1,横浜,110,10,18000,1800,10月分 手数料売上,㈱ジャパンプロセス,,
2024/10/31,,,1142,売掛金,3192,,    ,,810,,4103,手数料売上,    ,,1,横浜,110,10,2000,200,10月分 手数料売上,㈱NTプラス,,
2024/10/31,,,1142,売掛金,3196,,    ,,810,,4103,手数料売上,    ,,1,横浜,110,10,6600,660,10月分 手数料売上,㈲ビービーカンパニー,,
2024/10/31,,,1142,売掛金,3204,,    ,,810,,4103,手数料売上,    ,,1,横浜,110,10,30000,3000,10月分 手数料売上,ティーエスエンバイロ㈱,,
2024/10/31,,,1142,売掛金,3200,,    ,,810,,4103,手数料売上,    ,,1,横浜,110,10,151485,15148,10月分 手数料売上,㈱サティスファクトリーBPO本部運用管理部,,
2024/10/31,,,1142,売掛金,3201,,    ,,810,,4103,手数料売上,    ,,1,横浜,110,10,2000,200,10月分 手数料売上,オールマイト㈱,,
2024/10/31,,,1142,売掛金,3207,,    ,,810,,4103,手数料売上,    ,,1,横浜,110,10,13600,1360,10月分 手数料売上,㈱ｱﾗｲﾝ,,
2024/10/31,,,1142,売掛金,3209,,    ,,810,,4103,手数料売上,    ,,1,横浜,110,10,7750,775,10月分 手数料売上,登戸ブレスケアクリニック,,
2024/10/31,,,1142,売掛金,3211,,    ,,810,,4103,手数料売上,    ,,1,横浜,110,10,5870,587,10月分 手数料売上,History元住吉店,,
2024/10/31,,,1142,売掛金,3213,,    ,,810,,4103,手数料売上,    ,,1,横浜,110,10,62620,6262,10月分 手数料売上,京浜総合病院,,
2024/10/31,,,1142,売掛金,2040,,    ,,810,,4103,手数料売上,    ,,1,横浜,110,10,156800,15680,10月分 手数料売上,東京家庭裁判所,,
2024/10/31,,,1142,売掛金,3,,    ,,810,,4106,委託料売上,    ,,3,川崎委託,110,10,8968167,896816,業務委託料,,,
2024/10/31,,,9999,諸口,    ,,    ,,810,,1142,売掛金,3086,,    ,,810,,5830,,売掛の入金　手数料売上,㈲原田管理商会,,
2024/10/31,,,9999,諸口,    ,,    ,,810,,1142,売掛金,3119,,    ,,810,,8547,,売掛の入金　手数料売上,㈲原田管理商会,,
2024/10/31,,,9999,諸口,    ,,    ,,810,,1142,売掛金,3029,,    ,,810,,13431,,売掛の入金　手数料売上,㈲原田管理商会,,
2024/10/31,,,6220,支払手数料,    ,,0,共通部門,310,10,1142,売掛金,3034,,    ,,810,,255,25,振込手数料相殺,ひまわり高津つどい,,
2024/10/31,,,6220,支払手数料,    ,,0,共通部門,310,10,1142,売掛金,3126,,    ,,810,,600,60,振込手数料,,,
2024/10/31,,,1142,売掛金,2,,    ,,810,,4105,商品売上,    ,,1,横浜,110,10,394340,39434,手数料売上　こづか㈱,こづか㈱,,
2024/10/31,,,1142,売掛金,1,,    ,,810,,4101,作業料売上　㈲大興資源,    ,,1,横浜,110,10,530000,53000,廃棄物収集請負,㈲大興資源,,
2024/10/31,,,1142,売掛金,2,,    ,,810,,4102,作業料売上　ｺﾂﾞｶ㈱,    ,,1,横浜,110,10,180000,18000,こづか事務手数料（千葉さん・的場さん）,こづか㈱,,
2024/10/31,,,1142,売掛金,3097,,    ,,810,,4103,手数料売上,    ,,1,横浜,110,10,51660,5166,10月分 手数料売上,不二ﾌﾟﾗﾝﾄ工業㈱,,
2024/10/31,,,1142,売掛金,1,,    ,,810,,1142,売掛金,1012,,    ,,810,,10780,,㈲大興資源へ入金された,,,
2024/10/31,,,6220,支払手数料,    ,,0,共通部門,310,10,1142,売掛金,3200,,    ,,810,,600,60,振込手数料,,,
2024/11/1,,,1112,普通預金,2,,    ,,810,,1142,売掛金,3158,,    ,,810,,8547,,売掛の入金　手数料売上,セキュリライフ,,
2024/11/1,,,1112,普通預金,1,,    ,,810,,1142,売掛金,1010,,    ,,810,,5830,,売掛の入金　手数料売上,イング　ナカオハヤト,,
2024/11/2,,,1112,普通預金,2,,    ,,810,,1142,売掛金,3172,,    ,,810,,96547,,売掛の入金　手数料売上,㈱優和,,
2024/11/5,,,1112,普通預金,2,,    ,,810,,1142,売掛金,1013,,    ,,810,,3300,,売掛の入金　手数料売上,平間耳鼻咽喉科医院,,
2024/11/5,,,1112,普通預金,1,,    ,,810,,1142,売掛金,3207,,    ,,810,,14575,,売掛の入金　手数料売上,㈱アライン,,
2024/11/5,,,6231,雑費,    ,,0,共通部門,511,10,1142,売掛金,3207,,    ,,810,,350,35,振込手数料,,,
2024/11/5,,,1142,売掛金,1013,,    ,,810,,6231,雑費,    ,,0,共通部門,511,10,500,50,振込手数料,平間耳鼻咽喉科医院,,
2024/11/6,,,1112,普通預金,2,,    ,,810,,1142,売掛金,3056,,    ,,810,,14685,,売掛の入金　手数料売上,新富,,
2024/11/6,,,1112,普通預金,2,,    ,,810,,1142,売掛金,3125,,    ,,810,,12298,,売掛の入金　手数料売上,海老民,,
2024/11/6,,,1112,普通預金,2,,    ,,810,,1142,売掛金,3167,,    ,,810,,138270,,売掛の入金　手数料売上,カンキョーワークス,,
2024/11/6,,,1112,普通預金,2,,    ,,810,,1142,売掛金,3044,,    ,,810,,6039,,売掛の入金　手数料売上,三協エンジニアリング,,
2024/11/6,,,1112,普通預金,2,,    ,,810,,1142,売掛金,3001,,    ,,810,,2959,,売掛の入金　手数料売上,㈱あおば,,
2024/11/6,,,1112,普通預金,2,,    ,,810,,1142,売掛金,3020,,    ,,810,,1309,,売掛の入金　手数料売上,エンデ美容室,,
2024/11/7,,,1112,普通預金,2,,    ,,810,,1142,売掛金,3022,,    ,,810,,1408,,売掛の入金　手数料売上,小笠原会計事務所,,
2024/11/7,,,1112,普通預金,2,,    ,,810,,1142,売掛金,3210,,    ,,810,,13200,,売掛の入金　手数料売上,㈲新光コーポレーション,,
2024/11/7,,,1112,普通預金,2,,    ,,810,,1142,売掛金,3081,,    ,,810,,13750,,売掛の入金　手数料売上,ニュータウン㈱,,
2024/11/8,,,1112,普通預金,2,,    ,,810,,1142,売掛金,2024,,    ,,810,,405185,,売掛の入金　手数料売上,環境オプティマル,,
2024/11/8,,,1112,普通預金,2,,    ,,810,,1142,売掛金,3084,,    ,,810,,9625,,売掛の入金　手数料売上,林整形外科,,
2024/11/8,,,1112,普通預金,2,,    ,,810,,1142,売掛金,3089,,    ,,810,,1309,,売掛の入金　手数料売上,ビューティハウスキング,,
2024/11/8,,,1112,普通預金,2,,    ,,810,,1142,売掛金,3112,,    ,,810,,3927,,売掛の入金　手数料売上,やきとり山吹,,
2024/11/8,,,1112,普通預金,2,,    ,,810,,1142,売掛金,3205,,    ,,810,,19800,,売掛の入金　手数料売上,ジャパンプロセス,,
2024/11/8,,,1112,普通預金,2,,    ,,810,,1142,売掛金,3115,,    ,,810,,2145,,売掛の入金　手数料売上,百合丘ホーム,,
2024/11/8,,,1112,普通預金,2,,    ,,810,,1142,売掛金,3182,,    ,,810,,13288,,売掛の入金　手数料売上,メイツ電子,,
2024/11/8,,,1112,普通預金,2,,    ,,810,,1142,売掛金,3091,,    ,,810,,1309,,売掛の入金　手数料売上,美容室コパン,,
2024/11/8,,,1112,普通預金,2,,    ,,810,,1142,売掛金,3043,,    ,,810,,6017,,売掛の入金　手数料売上,サニーサイド,,
2024/11/10,,,1112,普通預金,2,,    ,,810,,1142,売掛金,3026,,    ,,810,,16962,,売掛の入金　手数料売上,セトケンジ,,
2024/11/10,,,6220,支払手数料,    ,,0,共通部門,310,10,1142,売掛金,2024,,    ,,810,,350,35,振込手数料相殺,環境オプティマル,,
2024/11/11,,,1112,普通預金,2,,    ,,810,,1142,売掛金,3213,,    ,,810,,17589,,売掛の入金　手数料売上,京浜予防医学研究所,,
2024/11/11,,,1112,普通預金,2,,    ,,810,,1142,売掛金,3053,,    ,,810,,38874,,売掛の入金　手数料売上,昇辰電気㈱,,
2024/11/11,,,1112,普通預金,2,,    ,,810,,1142,売掛金,3031,,    ,,810,,6325,,売掛の入金　手数料売上,キュービクス,,
2024/11/11,,,1112,普通預金,2,,    ,,810,,1142,売掛金,3066,,    ,,810,,5621,,売掛の入金　手数料売上,多摩食事サービス,,
2024/11/11,,,6231,雑費,    ,,0,共通部門,511,10,1142,売掛金,3213,,    ,,810,,250,25,振込手数料,,,
2024/11/12,,,1112,普通預金,2,,    ,,810,,1142,売掛金,3099,,    ,,810,,2145,,売掛の入金　手数料売上,二子新地整骨院,,
2024/11/12,,,1112,普通預金,2,,    ,,810,,1142,売掛金,3073,,    ,,810,,5585,,売掛の入金　手数料売上,東洋エレメント工業,,
2024/11/12,,,1112,普通預金,2,,    ,,810,,1142,売掛金,1014,,    ,,810,,1100,,売掛の入金　手数料売上,武蔵小杉エリアマネジメント,,
2024/11/12,,,1112,普通預金,2,,    ,,810,,1142,売掛金,3129,,    ,,810,,5830,,売掛の入金　手数料売上,中華福林　エンドウ,,
2024/11/13,,,1112,普通預金,2,,    ,,810,,1142,売掛金,3209,,    ,,810,,8525,,売掛の入金　手数料売上,登戸ﾌﾞﾚｽﾄｹｱｸﾘﾆｯｸ,,
2024/11/13,,,1112,普通預金,2,,    ,,810,,1142,売掛金,3003,,    ,,810,,11264,,売掛の入金　手数料売上,秋山商事,,
2024/11/14,,,1112,普通預金,2,,    ,,810,,1142,売掛金,3093,,    ,,810,,1727,,売掛の入金　手数料売上,プアカイナチュラルスペース,,
2024/11/15,,,1112,普通預金,2,,    ,,810,,1142,売掛金,3042,,    ,,810,,1408,,売掛の入金　手数料売上,さかい医院,,
2024/11/18,,,1112,普通預金,2,,    ,,810,,1142,売掛金,3052,,    ,,810,,4895,,売掛の入金　手数料売上,㈱ジャクエツ,,
2024/11/18,,,1112,普通預金,2,,    ,,810,,1142,売掛金,2,,    ,,810,,433774,,売掛の入金　手数料売上　こづか㈱,,,
2024/11/18,,,1112,普通預金,2,,    ,,810,,1142,売掛金,3054,,    ,,810,,11605,,売掛の入金　手数料売上,㈲珠洲,,
2024/11/18,,,1112,普通預金,2,,    ,,810,,1142,売掛金,3013,,    ,,810,,1518,,売掛の入金　手数料売上,イマージアクト,,
2024/11/19,,,1112,普通預金,2,,    ,,810,,1142,売掛金,3051,,    ,,810,,35343,,売掛の入金　手数料売上,七五三寿司,,
2024/11/20,,,1112,普通預金,1,,    ,,810,,1142,売掛金,2047,,    ,,810,,192522,,売掛の入金　手数料売上,京浜総合病院,,
2024/11/20,,,1112,普通預金,2,,    ,,810,,1142,売掛金,3059,,    ,,810,,26015,,売掛の入金　手数料売上,ブリヂストンリテールジャパン,,
2024/11/20,,,1112,普通預金,2,,    ,,810,,1142,売掛金,2543,,    ,,810,,64295,,売掛の入金　手数料売上,ブリヂストンタイヤソリューション,,
2024/11/20,,,1112,普通預金,2,,    ,,810,,1142,売掛金,3120,,    ,,810,,8635,,売掛の入金　手数料売上,㈱リィーサンク,,
2024/11/20,,,1112,普通預金,2,,    ,,810,,1142,売掛金,3097,,    ,,810,,38500,,売掛の入金　手数料売上,不二プラント工業,,
2024/11/20,,,1112,普通預金,2,,    ,,810,,1142,売掛金,3042,,    ,,810,,1408,,売掛の入金　手数料売上,さかい医院,,
2024/11/20,,,6231,雑費,    ,,0,共通部門,511,10,1142,売掛金,2047,,    ,,810,,800,80,振込手数料,,,
2024/11/20,,,1142,売掛金,2543,,    ,,810,,4103,手数料売上,    ,,1,横浜,110,10,25350,2535,"5,6月分入金 手数料売上",ブリヂストンタイヤソリューション,,
2024/11/21,,,1112,普通預金,1,,    ,,810,,1142,売掛金,3173,,    ,,810,,2200,,売掛の入金　手数料売上,中部児童相談所,,
2024/11/21,,,1112,普通預金,1,,    ,,810,,1142,売掛金,3173,,    ,,810,,20680,,売掛の入金　手数料売上,中部児童相談所,,
2024/11/21,,,1112,普通預金,2,,    ,,810,,1142,売掛金,3060,,    ,,810,,37268,,売掛の入金　手数料売上,太陽第一幼稚園,,
2024/11/22,,,1112,普通預金,2,,    ,,810,,1142,売掛金,3097,,    ,,810,,18326,,売掛の入金　手数料売上,不二プラント工業,,
2024/11/22,,,1112,普通預金,2,,    ,,810,,1142,売掛金,34,,    ,,810,,1518,,売掛の入金　手数料売上,㈱シエスタ,,
2024/11/25,,,1112,普通預金,2,,    ,,810,,1142,売掛金,2921,,    ,,810,,63800,,売掛の入金　手数料売上,㈱日本動物高度医療センター,,
2024/11/25,,,1112,普通預金,2,,    ,,810,,1142,売掛金,3041,,    ,,810,,18854,,売掛の入金　手数料売上,㈲亀ヶ谷モータース,,
2024/11/25,,,1112,普通預金,2,,    ,,810,,1142,売掛金,3166,,    ,,810,,5313,,売掛の入金　手数料売上,㈱いっぽ,,
2024/11/25,,,1112,普通預金,2,,    ,,810,,1142,売掛金,3201,,    ,,810,,2200,,売掛の入金　手数料売上,オールマイト㈱,,
2024/11/25,,,1112,普通預金,2,,    ,,810,,1142,売掛金,3134,,    ,,810,,6457,,売掛の入金　手数料売上,シバタヒロアキ,,
2024/11/25,,,1112,普通預金,2,,    ,,810,,1142,売掛金,3079,,    ,,810,,8954,,売掛の入金　手数料売上,㈲日成工業,,
2024/11/26,,,1112,普通預金,2,,    ,,810,,1142,売掛金,3010,,    ,,810,,13222,,売掛の入金　手数料売上,㈱井出紙工,,
2024/11/26,,,1112,普通預金,2,,    ,,810,,1142,売掛金,3074,,    ,,810,,4906,,売掛の入金　手数料売上,ナインデンタルスタジオ,,
2024/11/26,,,1112,普通預金,2,,    ,,810,,1142,売掛金,3095,,    ,,810,,10010,,売掛の入金　手数料売上,フェイス　スズキシゲオ,,
2024/11/27,,,1112,普通預金,1,,    ,,810,,1142,売掛金,2040,,    ,,810,,64180,,,東京家庭裁判所,,
2024/11/27,,,1112,普通預金,1,,    ,,810,,1142,売掛金,2040,,    ,,810,,108300,,,東京家庭裁判所,,
2024/11/27,,,1112,普通預金,2,,    ,,810,,1142,売掛金,2026,,    ,,810,,737880,,売掛の入金　手数料売上,三友商事,,
2024/11/27,,,1112,普通預金,2,,    ,,810,,1142,売掛金,3032,,    ,,810,,11880,,売掛の入金　手数料売上,クモイヒデキ,,
2024/11/27,,,1112,普通預金,2,,    ,,810,,1142,売掛金,3104,,    ,,810,,1309,,売掛の入金　手数料売上,イイデヨシコ,,
2024/11/27,,,1112,普通預金,2,,    ,,810,,1142,売掛金,3137,,    ,,810,,11990,,売掛の入金　手数料売上,㈱SHUHEI,,
2024/11/27,,,1112,普通預金,2,,    ,,810,,1142,売掛金,3008,,    ,,810,,3465,,売掛の入金　手数料売上,板垣電子工業,,
2024/11/28,,,1112,普通預金,2,,    ,,810,,1142,売掛金,3148,,    ,,810,,32912,,売掛の入金　手数料売上,中日本エクストール,,
2024/11/28,,,1112,普通預金,2,,    ,,810,,1142,売掛金,3011,,    ,,810,,39611,,売掛の入金　手数料売上,イノベイションオブメディカルサービス,,
2024/11/28,,,1112,普通預金,2,,    ,,810,,1142,売掛金,3024,,    ,,810,,5621,,売掛の入金　手数料売上,奥村動物病院,,
2024/11/28,,,1112,普通預金,2,,    ,,810,,1142,売掛金,3169,,    ,,810,,5830,,売掛の入金　手数料売上,やきとりおしどり　,,
2024/11/28,,,1112,普通預金,2,,    ,,810,,1142,売掛金,3163,,    ,,810,,18766,,売掛の入金　手数料売上,宮崎華園,,
2024/11/28,,,1112,普通預金,2,,    ,,810,,1142,売掛金,3070,,    ,,810,,3300,,売掛の入金　手数料売上,ティーエム設備工業,,
2024/11/29,,,1112,普通預金,1,,    ,,810,,1142,売掛金,1007,,    ,,810,,1100,,売掛の入金　手数料売上,TKプロジェクト,,
2024/11/29,,,1112,普通預金,1,,    ,,810,,1142,売掛金,2001,,    ,,810,,277794,,売掛の入金　手数料売上,J＆T環境,,
2024/11/29,,,1112,普通預金,1,,    ,,810,,1142,売掛金,3,,    ,,810,,9864983,,売掛の入金　手数料売上,市収集計画,,
2024/11/29,,,1112,普通預金,1,,    ,,810,,1142,売掛金,2010,,    ,,810,,16467,,売掛の入金　手数料売上,ラボラトリー㈱,,
2024/11/29,,,1112,普通預金,2,,    ,,810,,1142,売掛金,1019,,    ,,810,,1650,,売掛の入金　手数料売上,川崎オキシトン,,
2024/11/29,,,1112,普通預金,2,,    ,,810,,1142,売掛金,2126,,    ,,810,,22000,,売掛の入金　手数料売上,NECライベックス,,
2024/11/29,,,1112,普通預金,2,,    ,,810,,1142,売掛金,3045,,    ,,810,,32054,,売掛の入金　手数料売上,サンメディックス㈱,,
2024/11/29,,,1112,普通預金,2,,    ,,810,,1142,売掛金,3098,,    ,,810,,14828,,売掛の入金　手数料売上,㈲フジヤモデル,,
2024/11/29,,,1112,普通預金,2,,    ,,810,,1142,売掛金,3049,,    ,,810,,7634,,売掛の入金　手数料売上,シティ企画工業,,
2024/11/29,,,1112,普通預金,2,,    ,,810,,1142,売掛金,3165,,    ,,810,,1100,,売掛の入金　手数料売上,㈱リフト,,
2024/11/29,,,1112,普通預金,2,,    ,,810,,1142,売掛金,33,,    ,,810,,9724,,売掛の入金　手数料売上,グレードアップ,,
2024/11/29,,,1112,普通預金,2,,    ,,810,,1142,売掛金,3018,,    ,,810,,8250,,売掛の入金　手数料売上,荏原実業㈱,,
2024/11/29,,,1112,普通預金,2,,    ,,810,,1142,売掛金,3159,,    ,,810,,110000,,売掛の入金　手数料売上,カナイエンタープライズ（ヤマダデンキ）,,
2024/11/29,,,1112,普通預金,2,,    ,,810,,1142,売掛金,3158,,    ,,810,,8756,,売掛の入金　手数料売上,セキュリライフ,,
2024/11/29,,,1112,普通預金,2,,    ,,810,,1142,売掛金,3196,,    ,,810,,7260,,売掛の入金　手数料売上,BBカンパニー,,
2024/11/29,,,1112,普通預金,2,,    ,,810,,1142,売掛金,3007,,    ,,810,,16401,,売掛の入金　手数料売上,㈱イーストサウンド,,
2024/11/29,,,1112,普通預金,2,,    ,,810,,1142,売掛金,3034,,    ,,810,,41003,,売掛の入金　手数料売上,長谷工シニアウェルデザイン,,
2024/11/29,,,1112,普通預金,2,,    ,,810,,1142,売掛金,3106,,    ,,810,,62612,,売掛の入金　手数料売上,岬水産,,
2024/11/29,,,1112,普通預金,2,,    ,,810,,1142,売掛金,3069,,    ,,810,,8470,,売掛の入金　手数料売上,ユニック産業,,
2024/11/29,,,1112,普通預金,2,,    ,,810,,1142,売掛金,3204,,    ,,810,,33000,,売掛の入金　手数料売上,ティーエスエンバイロ,,
2024/11/29,,,1112,普通預金,2,,    ,,810,,1142,売掛金,3187,,    ,,810,,1980,,売掛の入金　手数料売上,グリーン調剤薬局,,
2024/11/29,,,1112,普通預金,2,,    ,,810,,1142,売掛金,3028,,    ,,810,,172667,,売掛の入金　手数料売上,神奈川中央交通東㈱,,
2024/11/29,,,1112,普通預金,2,,    ,,810,,1142,売掛金,3179,,    ,,810,,4444,,売掛の入金　手数料売上,㈱ロクマル,,
2024/11/29,,,1112,普通預金,2,,    ,,810,,1142,売掛金,3017,,    ,,810,,4246,,売掛の入金　手数料売上,英和工業,,
2024/11/29,,,1112,普通預金,2,,    ,,810,,1142,売掛金,3126,,    ,,810,,62337,,売掛の入金　手数料売上,メッドトラスト東京,,
2024/11/29,,,1112,普通預金,2,,    ,,810,,1142,売掛金,3147,,    ,,810,,51524,,売掛の入金　手数料売上,ワンラインシステム,,
2024/11/29,,,1112,普通預金,2,,    ,,810,,1142,売掛金,3048,,    ,,810,,6039,,売掛の入金　手数料売上,㈱JKB,,
2024/11/29,,,1112,普通預金,2,,    ,,810,,1142,売掛金,3058,,    ,,810,,1408,,売掛の入金　手数料売上,大丸化工,,
2024/11/29,,,1112,普通預金,2,,    ,,810,,1142,売掛金,1011,,    ,,810,,18700,,売掛の入金　手数料売上,いい食,,
2024/11/29,,,1112,普通預金,2,,    ,,810,,1142,売掛金,3114,,    ,,810,,28743,,売掛の入金　手数料売上,エコミット,,
2024/11/29,,,1112,普通預金,2,,    ,,810,,1142,売掛金,3131,,    ,,810,,69553,,売掛の入金　手数料売上,べったこ物流,,
2024/11/29,,,1112,普通預金,2,,    ,,810,,1142,売掛金,3185,,    ,,810,,44000,,売掛の入金　手数料売上,有馬病院,,
2024/11/29,,,1112,普通預金,2,,    ,,810,,1142,売掛金,35,,    ,,810,,32835,,売掛の入金　手数料売上,㈱ビーナス,,
2024/11/29,,,1112,普通預金,2,,    ,,810,,1142,売掛金,3118,,    ,,810,,5830,,売掛の入金　手数料売上,ライフテック,,
2024/11/29,,,1112,普通預金,2,,    ,,810,,1142,売掛金,1008,,    ,,810,,19030,,売掛の入金　手数料売上,エムコミュー,,
2024/11/29,,,1112,普通預金,2,,    ,,810,,1142,売掛金,1017,,    ,,810,,5500,,売掛の入金　手数料売上,エスエフインフォネット,,
2024/11/29,,,1112,普通預金,2,,    ,,810,,1142,売掛金,3170,,    ,,810,,5621,,売掛の入金　手数料売上,アースキッズ,,
2024/11/29,,,1112,普通預金,2,,    ,,810,,1142,売掛金,3047,,    ,,810,,1650,,売掛の入金　手数料売上,㈱GNE,,
2024/11/29,,,1112,普通預金,2,,    ,,810,,1142,売掛金,2011,,    ,,810,,33506,,売掛の入金　手数料売上,㈱リーズジャパン,,
2024/11/29,,,1112,普通預金,1,,    ,,810,,1142,売掛金,3200,,    ,,810,,165973,,売掛の入金　手数料売上,サティスファクトリー,,
2024/11/29,,,9999,諸口,    ,,    ,,810,,1142,売掛金,3086,,    ,,810,,5830,,売掛の入金　手数料売上,㈲原田管理商会,,
2024/11/29,,,9999,諸口,    ,,    ,,810,,1142,売掛金,3119,,    ,,810,,7711,,売掛の入金　手数料売上,㈲原田管理商会,,
2024/11/29,,,9999,諸口,    ,,    ,,810,,1142,売掛金,3029,,    ,,810,,13640,,売掛の入金　手数料売上,㈲原田管理商会,,
2024/11/29,,,6220,支払手数料,    ,,0,共通部門,310,10,1142,売掛金,3200,,    ,,810,,600,60,振込手数料,,,
2024/11/30,,,1142,売掛金,3,,    ,,810,,4106,委託料売上,    ,,3,川崎委託,110,10,8968167,896816,業務委託料,,,
2024/11/30,,,6220,支払手数料,    ,,0,共通部門,310,10,1142,売掛金,3034,,    ,,810,,255,25,振込手数料相殺,ﾊｾｺｳｼﾆｱｳｴﾙﾃﾞｻﾞｲﾝ,,
2024/11/30,,,6220,支払手数料,    ,,0,共通部門,310,10,1142,売掛金,3126,,    ,,810,,600,60,振込手数料,,,
2024/11/30,,,1112,普通預金,2,,    ,,810,,1142,売掛金,3211,,    ,,810,,6457,,売掛の入金　手数料売上,スリーアール㈱,,
2024/11/30,,,1142,売掛金,3172,,    ,,810,,4103,手数料売上,    ,,1,横浜,110,10,24290,2429,11月分 手数料売上,(株)優和,,
2024/11/30,,,1142,売掛金,3098,,    ,,810,,4103,手数料売上,    ,,1,横浜,110,10,17510,1751,11月分 手数料売上,ﾌｼﾞﾔﾓﾃﾞﾙ,,
2024/11/30,,,1142,売掛金,3103,,    ,,810,,4103,手数料売上,    ,,1,横浜,110,10,1000,100,11月分 手数料売上,(有)ホリ造形スタジオ,,
2024/11/30,,,1142,売掛金,3125,,    ,,810,,4103,手数料売上,    ,,1,横浜,110,10,11180,1118,11月分 手数料売上,㈲海老民,,
2024/11/30,,,1142,売掛金,3086,,    ,,810,,4103,手数料売上,    ,,1,横浜,110,10,7580,758,11月分 手数料売上,原田管理商会,,
2024/11/30,,,1142,売掛金,3044,,    ,,810,,4103,手数料売上,    ,,1,横浜,110,10,5110,511,11月分 手数料売上,三協ｴﾝｼﾞﾆｱﾘﾝｸﾞ,,
2024/11/30,,,1142,売掛金,3054,,    ,,810,,4103,手数料売上,    ,,1,横浜,110,10,10560,1056,11月分 手数料売上,㈲珠洲,,
2024/11/30,,,1142,売掛金,3003,,    ,,810,,4103,手数料売上,    ,,1,横浜,110,10,6600,660,11月分 手数料売上,秋山商事,,
2024/11/30,,,1142,売掛金,3107,,    ,,810,,4103,手数料売上,    ,,1,横浜,110,10,1280,128,11月分 手数料売上,水谷建築設計事務所,,
2024/11/30,,,1142,売掛金,3069,,    ,,810,,4103,手数料売上,    ,,1,横浜,110,10,7200,720,11月分 手数料売上,津田山製作所,,
2024/11/30,,,1142,売掛金,3079,,    ,,810,,4103,手数料売上,    ,,1,横浜,110,10,5220,522,11月分 手数料売上,日成工業,,
2024/11/30,,,1142,売掛金,3096,,    ,,810,,4103,手数料売上,    ,,1,横浜,110,10,11400,1140,11月分 手数料売上,富士教材,,
2024/11/30,,,1142,売掛金,3211,,    ,,810,,4103,手数料売上,    ,,1,横浜,110,10,5680,568,11月分 手数料売上,History元住吉店,,
2024/11/30,,,1142,売掛金,2001,,    ,,810,,4103,手数料売上,    ,,1,横浜,110,10,248660,24866,11月分 手数料売上,J&T環境,,
2024/11/30,,,1142,売掛金,2126,,    ,,810,,4103,手数料売上,    ,,1,横浜,110,10,16000,1600,11月分 手数料売上,NECｸﾞﾘｰﾝｽｲﾐﾝｸﾞｸﾗﾌﾞ玉川,,
2024/11/30,,,1142,売掛金,3158,,    ,,810,,4103,手数料売上,    ,,1,横浜,110,10,6820,682,11月分 手数料売上,NPO　SSS,,
2024/11/30,,,1142,売掛金,1014,,    ,,810,,4103,手数料売上,    ,,1,横浜,110,10,1000,100,11月分 手数料売上,小杉駅周辺エリアマネ,,
2024/11/30,,,1142,売掛金,3043,,    ,,810,,4103,手数料売上,    ,,1,横浜,110,10,5470,547,11月分 手数料売上,sunnyこどもｸﾘﾆｯｸ,,
2024/11/30,,,1142,売掛金,1007,,    ,,810,,4103,手数料売上,    ,,1,横浜,110,10,1000,100,11月分 手数料売上,TKプロジェクト,,
2024/11/30,,,1142,売掛金,3185,,    ,,810,,4103,手数料売上,    ,,1,横浜,110,10,40000,4000,11月分 手数料売上,有馬病院,,
2024/11/30,,,1142,売掛金,3166,,    ,,810,,4103,手数料売上,    ,,1,横浜,110,10,4640,464,11月分 手数料売上,いっぽ　百合ヶ丘,,
2024/11/30,,,1142,売掛金,3013,,    ,,810,,4103,手数料売上,    ,,1,横浜,110,10,2950,295,11月分 手数料売上,ｲﾏｰｼﾞｱｸﾄ南加瀬,,
2024/11/30,,,1142,売掛金,3015,,    ,,810,,4103,手数料売上,    ,,1,横浜,110,10,9500,950,11月分 手数料売上,ｲﾝﾃﾘｱ大山,,
2024/11/30,,,1142,売掛金,3201,,    ,,810,,4103,手数料売上,    ,,1,横浜,110,10,2000,200,11月分 手数料売上,オールマイト㈱,,
2024/11/30,,,1142,売掛金,3029,,    ,,810,,4103,手数料売上,    ,,1,横浜,110,10,12590,1259,11月分 手数料売上,カフェ　ド　シュロ,,
2024/11/30,,,1142,売掛金,2011,,    ,,810,,4103,手数料売上,    ,,1,横浜,110,10,30500,3050,11月分 手数料売上,リーズジャパン,,
2024/11/30,,,1142,売掛金,3032,,    ,,810,,4103,手数料売上,    ,,1,横浜,110,10,9470,947,11月分 手数料売上,くもい歯科ｸﾘﾆｸ,,
2024/11/30,,,1142,売掛金,3187,,    ,,810,,4103,手数料売上,    ,,1,横浜,110,10,1800,180,11月分 手数料売上,グリーン調剤薬局,,
2024/11/30,,,1142,売掛金,2047,,    ,,810,,4103,手数料売上,    ,,1,横浜,110,10,113410,11341,11月分 手数料売上,京浜総合病院,,
2024/11/30,,,1142,売掛金,3213,,    ,,810,,4103,手数料売上,    ,,1,横浜,110,10,17400,1740,11月分 手数料売上,京浜総合病院,,
2024/11/30,,,1142,売掛金,3041,,    ,,810,,4103,手数料売上,    ,,1,横浜,110,10,19520,1952,11月分 手数料売上,ｺﾊﾞｯｸ亀ヶ谷ﾓｰﾀｰｽ,,
2024/11/30,,,1142,売掛金,1011,,    ,,810,,4103,手数料売上,    ,,1,横浜,110,10,14000,1400,11月分 手数料売上,こぱんはうすさくら久,,
2024/11/30,,,1142,売掛金,3042,,    ,,810,,4103,手数料売上,    ,,1,横浜,110,10,1280,128,11月分 手数料売上,さかい医院,,
2024/11/30,,,1142,売掛金,3045,,    ,,810,,4103,手数料売上,    ,,1,横浜,110,10,32720,3272,11月分 手数料売上,ｻﾝﾒﾃﾞｨｯｸｽ,,
2024/11/30,,,1142,売掛金,3195,,    ,,810,,4103,手数料売上,    ,,1,横浜,110,10,4050,405,11月分 手数料売上,ジェクﾄ㈱,,
2024/11/30,,,1142,売掛金,3049,,    ,,810,,4103,手数料売上,    ,,1,横浜,110,10,7130,713,11月分 手数料売上,ｼﾃｨｰ企画工業,,
2024/11/30,,,1142,売掛金,3170,,    ,,810,,4103,手数料売上,    ,,1,横浜,110,10,6800,680,11月分 手数料売上,スタジオそら,,
2024/11/30,,,1142,売掛金,1003,,    ,,810,,4103,手数料売上,    ,,1,横浜,110,10,2000,200,11月分 手数料売上,スナック千恵,,
2024/11/30,,,1142,売掛金,3193,,    ,,810,,4103,手数料売上,    ,,1,横浜,110,10,11000,1100,11月分 手数料売上,セカンドホーム武蔵小杉店,,
2024/11/30,,,1142,売掛金,1017,,    ,,810,,4103,手数料売上,    ,,1,横浜,110,10,4000,400,11月分 手数料売上,ｾﾝﾄﾗﾙ薬局,,
2024/11/30,,,1142,売掛金,3204,,    ,,810,,4103,手数料売上,    ,,1,横浜,110,10,30000,3000,11月分 手数料売上,ティーエスエンバイロ㈱,,
2024/11/30,,,1142,売掛金,3070,,    ,,810,,4103,手数料売上,    ,,1,横浜,110,10,3000,300,11月分 手数料売上,ﾃｨｰｴﾑ設備工業,,
2024/11/30,,,1142,売掛金,2921,,    ,,810,,4103,手数料売上,    ,,1,横浜,110,10,58000,5800,11月分 手数料売上,日本動物高度医療センター,,
2024/11/30,,,1142,売掛金,3081,,    ,,810,,4103,手数料売上,    ,,1,横浜,110,10,13340,1334,11月分 手数料売上,ﾆｭｰﾀｳﾝ㈱鷺沼店,,
2024/11/30,,,1142,売掛金,3209,,    ,,810,,4103,手数料売上,    ,,1,横浜,110,10,5870,587,11月分 手数料売上,登戸ブレスケアクリニック,,
2024/11/30,,,1142,売掛金,3165,,    ,,810,,4103,手数料売上,    ,,1,横浜,110,10,4000,400,11月分 手数料売上,ハウスクリニック,,
2024/11/30,,,1142,売掛金,3034,,    ,,810,,4103,手数料売上,    ,,1,横浜,110,10,37900,3790,11月分 手数料売上,ひまわり高津つどいの,,
2024/11/30,,,1142,売掛金,3095,,    ,,810,,4103,手数料売上,    ,,1,横浜,110,10,8910,891,11月分 手数料売上,ﾌｪｲｽ,,
2024/11/30,,,1142,売掛金,3177,,    ,,810,,4103,手数料売上,    ,,1,横浜,110,10,1500,150,11月分 手数料売上,福吉塗装,,
2024/11/30,,,1142,売掛金,3134,,    ,,810,,4103,手数料売上,    ,,1,横浜,110,10,6250,625,11月分 手数料売上,ﾌﾛｰﾗﾙ夢木香,,
2024/11/30,,,1142,売掛金,3102,,    ,,810,,4103,手数料売上,    ,,1,横浜,110,10,3090,309,11月分 手数料売上,ヘアーサロンワダ,,
2024/11/30,,,1142,売掛金,3131,,    ,,810,,4103,手数料売上,    ,,1,横浜,110,10,81970,8197,11月分 手数料売上,べったこ物流,,
2024/11/30,,,1142,売掛金,3104,,    ,,810,,4103,手数料売上,    ,,1,横浜,110,10,1190,119,11月分 手数料売上,ﾎﾟﾋﾟ美容室,,
2024/11/30,,,1142,売掛金,3109,,    ,,810,,4103,手数料売上,    ,,1,横浜,110,10,1560,156,11月分 手数料売上,ﾒｶﾞﾈｽﾄｱ-武蔵中原店 ㈲大興資源へ請求,,
2024/11/30,,,1142,売掛金,3169,,    ,,810,,4103,手数料売上,    ,,1,横浜,110,10,5110,511,11月分 手数料売上,やきとりおしどり,,
2024/11/30,,,1142,売掛金,3112,,    ,,810,,4103,手数料売上,    ,,1,横浜,110,10,2380,238,11月分 手数料売上,やきとり山吹,,
2024/11/30,,,1142,売掛金,3114,,    ,,810,,4103,手数料売上,    ,,1,横浜,110,10,26510,2651,11月分 手数料売上,ﾕｰｽﾞﾚｯﾄ元住吉,,
2024/11/30,,,1142,売掛金,3118,,    ,,810,,4103,手数料売上,    ,,1,横浜,110,10,5110,511,11月分 手数料売上,ﾗｲﾌﾃｯｸ,,
2024/11/30,,,1142,売掛金,2010,,    ,,810,,4103,手数料売上,    ,,1,横浜,110,10,14410,1441,11月分 手数料売上,ラボラトリー,,
2024/11/30,,,1142,売掛金,3119,,    ,,810,,4103,手数料売上,    ,,1,横浜,110,10,6060,606,11月分 手数料売上,ﾗﾝﾄﾞﾗﾝﾄﾞﾘｰ　ﾗﾝﾄﾞﾗﾝﾄﾞﾘｰ読売ﾗﾝﾄﾞ店,,
2024/11/30,,,1142,売掛金,3120,,    ,,810,,4103,手数料売上,    ,,1,横浜,110,10,5470,547,11月分 手数料売上,ﾘｨｰｻﾝｸ,,
2024/11/30,,,1142,売掛金,1004,,    ,,810,,4103,手数料売上,    ,,1,横浜,110,10,1500,150,11月分 手数料売上,リタリコ　ジュニア,,
2024/11/30,,,1142,売掛金,3018,,    ,,810,,4103,手数料売上,    ,,1,横浜,110,10,4500,450,11月分 手数料売上,荏原実業,,
2024/11/30,,,1142,売掛金,3018,,    ,,810,,4103,手数料売上,    ,,1,横浜,110,10,1500,150,11月分 手数料売上,荏原実業,,
2024/11/30,,,1142,売掛金,3017,,    ,,810,,4103,手数料売上,    ,,1,横浜,110,10,8280,828,11月分 手数料売上,英和工業,,
2024/11/30,,,1142,売掛金,3024,,    ,,810,,4103,手数料売上,    ,,1,横浜,110,10,5110,511,11月分 手数料売上,奥村動物病院,,
2024/11/30,,,1142,売掛金,3026,,    ,,810,,4103,手数料売上,    ,,1,横浜,110,10,16010,1601,11月分 手数料売上,海鮮居酒屋　檸檬,,
2024/11/30,,,1142,売掛金,3048,,    ,,810,,4103,手数料売上,    ,,1,横浜,110,10,4920,492,11月分 手数料売上,JKB,,
2024/11/30,,,1142,売掛金,3192,,    ,,810,,4103,手数料売上,    ,,1,横浜,110,10,2000,200,11月分 手数料売上,㈱NTプラス,,
2024/11/30,,,1142,売掛金,3137,,    ,,810,,4103,手数料売上,    ,,1,横浜,110,10,12270,1227,11月分 手数料売上,SHUHEI,,
2024/11/30,,,1142,売掛金,3207,,    ,,810,,4103,手数料売上,    ,,1,横浜,110,10,13600,1360,11月分 手数料売上,㈱ｱﾗｲﾝ,,
2024/11/30,,,1142,売掛金,3007,,    ,,810,,4103,手数料売上,    ,,1,横浜,110,10,21340,2134,11月分 手数料売上,ｲｰｽﾄｻｳﾝﾄﾞ,,
2024/11/30,,,1142,売掛金,3011,,    ,,810,,4103,手数料売上,    ,,1,横浜,110,10,33860,3386,11月分 手数料売上,ｲﾉﾍﾞｲｼｮﾝｵﾌﾞﾒﾃﾞｨｶﾙｻｰﾋ,,
2024/11/30,,,1142,売掛金,3159,,    ,,810,,4103,手数料売上,    ,,1,横浜,110,10,100000,10000,11月分 手数料売上,株式会社カナイエンタ,,
2024/11/30,,,1142,売掛金,3033,,    ,,810,,4103,手数料売上,    ,,1,横浜,110,10,1190,119,11月分 手数料売上,クラレット,,
2024/11/30,,,1142,売掛金,3200,,    ,,810,,4103,手数料売上,    ,,1,横浜,110,10,151485,15148,11月分 手数料売上,㈱サティスファクトリーBPO本部運用管理部,,
2024/11/30,,,1142,売掛金,3052,,    ,,810,,4103,手数料売上,    ,,1,横浜,110,10,4470,447,11月分 手数料売上,ｼﾞｬｸｴﾂ,,
2024/11/30,,,1142,売掛金,3205,,    ,,810,,4103,手数料売上,    ,,1,横浜,110,10,18000,1800,11月分 手数料売上,㈱ジャパンプロセス,,
2024/11/30,,,1142,売掛金,3059,,    ,,810,,4103,手数料売上,    ,,1,横浜,110,10,32600,3260,11月分 手数料売上,ﾀｲﾔ館京浜高津,,
2024/11/30,,,1142,売掛金,3182,,    ,,810,,4103,手数料売上,    ,,1,横浜,110,10,11890,1189,11月分 手数料売上,㈱メイツ電子,,
2024/11/30,,,1142,売掛金,3126,,    ,,810,,4103,手数料売上,    ,,1,横浜,110,10,56540,5654,11月分 手数料売上,㈱ﾒｯﾄﾞﾄﾗｽﾄ東京,,
2024/11/30,,,1142,売掛金,3147,,    ,,810,,4103,手数料売上,    ,,1,横浜,110,10,53370,5337,11月分 手数料売上,ワンラインシステム,,
2024/11/30,,,1142,売掛金,3010,,    ,,810,,4103,手数料売上,    ,,1,横浜,110,10,12020,1202,11月分 手数料売上,井出紙工,,
2024/11/30,,,1142,売掛金,2024,,    ,,810,,4103,手数料売上,    ,,1,横浜,110,10,308700,30870,11月分 手数料売上,環境ｵﾌﾟﾃｨﾏﾙ,,
2024/11/30,,,1142,売掛金,3163,,    ,,810,,4103,手数料売上,    ,,1,横浜,110,10,16490,1649,11月分 手数料売上,宮崎華園,,
2024/11/30,,,1142,売掛金,1008,,    ,,810,,4103,手数料売上,    ,,1,横浜,110,10,8500,850,11月分 手数料売上,溝の口ｵﾌｨｽ,,
2024/11/30,,,1142,売掛金,3108,,    ,,810,,4103,手数料売上,    ,,1,横浜,110,10,1500,150,11月分 手数料売上,溝ノ口製麺渡辺商店,,
2024/11/30,,,1142,売掛金,3031,,    ,,810,,4103,手数料売上,    ,,1,横浜,110,10,8470,847,11月分 手数料売上,ｷｭｰﾋﾞｯｸｽ,,
2024/11/30,,,1142,売掛金,2026,,    ,,810,,4103,手数料売上,    ,,1,横浜,110,10,631200,63120,11月分 手数料売上,三友商事,,
2024/11/30,,,1142,売掛金,3046,,    ,,810,,4103,手数料売上,    ,,1,横浜,110,10,17710,1771,11月分 手数料売上,賛友精機,,
2024/11/30,,,1142,売掛金,3051,,    ,,810,,4103,手数料売上,    ,,1,横浜,110,10,32830,3283,11月分 手数料売上,七五三寿司,,
2024/11/30,,,1142,売掛金,3022,,    ,,810,,4103,手数料売上,    ,,1,横浜,110,10,2560,256,11月分 手数料売上,小笠原会計事務所,,
2024/11/30,,,1142,売掛金,3053,,    ,,810,,4103,手数料売上,    ,,1,横浜,110,10,24650,2465,11月分 手数料売上,昇辰電気,,
2024/11/30,,,1142,売掛金,3056,,    ,,810,,4103,手数料売上,    ,,1,横浜,110,10,14680,1468,11月分 手数料売上,新富,,
2024/11/30,,,1142,売掛金,3028,,    ,,810,,4103,手数料売上,    ,,1,横浜,110,10,53390,5339,11月分 手数料売上,神奈川中央交通東,,
2024/11/30,,,1142,売掛金,1019,,    ,,810,,4103,手数料売上,    ,,1,横浜,110,10,1500,150,11月分 手数料売上,川崎ｵｷｼﾄﾝ,,
2024/11/30,,,1142,売掛金,3173,,    ,,810,,4103,手数料売上,    ,,1,横浜,110,10,16400,1640,11月分 手数料売上,川崎市中部児童相談所,,
2024/11/30,,,1142,売掛金,3066,,    ,,810,,4103,手数料売上,    ,,1,横浜,110,10,5300,530,11月分 手数料売上,多摩食事ｻｰﾋﾞｽかりん,,
2024/11/30,,,1142,売掛金,3060,,    ,,810,,4103,手数料売上,    ,,1,横浜,110,10,27490,2749,11月分 手数料売上,太陽第一幼稚園,,
2024/11/30,,,1142,売掛金,3058,,    ,,810,,4103,手数料売上,    ,,1,横浜,110,10,1280,128,11月分 手数料売上,大丸化工,,
2024/11/30,,,1142,売掛金,3068,,    ,,810,,4103,手数料売上,    ,,1,横浜,110,10,8610,861,11月分 手数料売上,地質計測,,
2024/11/30,,,1142,売掛金,3129,,    ,,810,,4103,手数料売上,    ,,1,横浜,110,10,5350,535,11月分 手数料売上,中華福林,,
2024/11/30,,,1142,売掛金,3148,,    ,,810,,4103,手数料売上,    ,,1,横浜,110,10,29640,2964,11月分 手数料売上,中日本ｴｸｽﾄｰﾙ,,
2024/11/30,,,1142,売掛金,3073,,    ,,810,,4103,手数料売上,    ,,1,横浜,110,10,5536,553,11月分 手数料売上,東洋ｴﾚﾒﾝﾄ工業㈱,,
2024/11/30,,,1142,売掛金,3099,,    ,,810,,4103,手数料売上,    ,,1,横浜,110,10,6570,657,11月分 手数料売上,二子新地整骨院,,
2024/11/30,,,1142,売掛金,3008,,    ,,810,,4103,手数料売上,    ,,1,横浜,110,10,3780,378,11月分 手数料売上,板垣電子工業,,
2024/11/30,,,1142,売掛金,1012,,    ,,810,,4103,手数料売上,    ,,1,横浜,110,10,5500,550,11月分 手数料売上,美・デザイン ㈲大興資源へ請求,,
2024/11/30,,,1142,売掛金,3091,,    ,,810,,4103,手数料売上,    ,,1,横浜,110,10,1190,119,11月分 手数料売上,美容室コパン,,
2024/11/30,,,1142,売掛金,3097,,    ,,810,,4103,手数料売上,    ,,1,横浜,110,10,15340,1534,11月分 手数料売上,不二ﾌﾟﾗﾝﾄ工業㈱,,
2024/11/30,,,1142,売掛金,3106,,    ,,810,,4103,手数料売上,    ,,1,横浜,110,10,57420,5742,11月分 手数料売上,岬水産,,
2024/11/30,,,1142,売掛金,3084,,    ,,810,,4103,手数料売上,    ,,1,横浜,110,10,8970,897,11月分 手数料売上,林整形外科,,
2024/11/30,,,1142,売掛金,2543,,    ,,810,,4103,手数料売上,    ,,1,横浜,110,10,30110,3011,11月分 手数料売上,ブリヂストンタイヤソリューションジャパン,,
2024/11/30,,,1142,売掛金,35,,    ,,810,,4103,手数料売上,    ,,1,横浜,110,10,30090,3009,11月分 手数料売上,リハフロンティア株式,,
2024/11/30,,,1142,売掛金,34,,    ,,810,,4103,手数料売上,    ,,1,横浜,110,10,2570,257,11月分 手数料売上,㈱siesta,,
2024/11/30,,,1142,売掛金,3226,,    ,,810,,4103,手数料売上,    ,,1,横浜,110,10,1500,150,11月分 手数料売上,峰岡設備㈱,,
2024/11/30,,,1142,売掛金,39,,    ,,810,,4103,手数料売上,    ,,1,横浜,110,10,3315,331,11月分 手数料売上,ｶﾒﾊﾁﾍﾞｰｶﾘｰ,,
2024/11/30,,,1142,売掛金,2125,,    ,,810,,4103,手数料売上,    ,,1,横浜,110,10,800,80,11月分 手数料売上,渋谷教育学園宿河原グラウンド,,
2024/11/30,,,1142,売掛金,2,,    ,,810,,4105,商品売上,    ,,1,横浜,110,10,299409,29940,手数料売上　こづか㈱,こづか㈱,,
2024/11/30,,,1142,売掛金,1,,    ,,810,,4101,作業料売上　㈲大興資源,    ,,1,横浜,110,10,530000,53000,廃棄物収集請負,㈲大興資源,,
2024/11/30,,,1142,売掛金,2,,    ,,810,,4102,作業料売上　ｺﾂﾞｶ㈱,    ,,1,横浜,110,10,180000,18000,こづか事務手数料（千葉さん・的場さん）,こづか㈱,,
2024/11/30,,,1142,売掛金,1,,    ,,810,,1142,売掛金,1012,,    ,,810,,2750,,㈲大興資源へ入金された,,,
2024/11/30,,,1142,売掛金,1,,    ,,810,,1142,売掛金,1012,,    ,,810,,11880,,㈲大興資源へ入金された,,,
2024/11/30,,,1142,売掛金,1,,    ,,810,,1142,売掛金,1012,,    ,,810,,8250,,㈲大興資源へ入金された,,,
2024/11/30,,,1142,売掛金,1,,    ,,810,,1142,売掛金,1003,,    ,,810,,24600,,㈲大興資源へ入金された,,,
2024/12/2,,,1112,普通預金,2,,    ,,810,,1142,売掛金,3046,,    ,,810,,18084,,売掛の入金　手数料売上,賛友精機,,
2024/12/2,,,1101,現金,    ,,    ,,810,,1142,売掛金,3108,,    ,,810,,1870,,,㈲溝ノ口製麺渡辺商店,,
2024/12/4,,,1112,普通預金,2,,    ,,810,,1142,売掛金,3042,,    ,,810,,1408,,売掛の入金　手数料売上,さかい医院,,
2024/12/5,,,1112,普通預金,1,,    ,,810,,1142,売掛金,3207,,    ,,810,,14575,,売掛の入金　手数料売上,アイン薬局,,
2024/12/5,,,6231,雑費,    ,,0,共通部門,511,10,1142,売掛金,3207,,    ,,810,,350,35,振込手数料,,,
2024/12/6,,,1112,普通預金,1,,    ,,810,,1142,売掛金,1002,,    ,,810,,6380,,売掛の入金　手数料売上,ビューティクオリティ,,
2024/12/6,,,1112,普通預金,2,,    ,,810,,1142,売掛金,3084,,    ,,810,,9867,,売掛の入金　手数料売上,ハヤシオウスケ,,
2024/12/6,,,1112,普通預金,2,,    ,,810,,1142,売掛金,3097,,    ,,810,,16874,,売掛の入金　手数料売上,不二プラント工業㈱,,
2024/12/6,,,1112,普通預金,2,,    ,,810,,1142,売掛金,3182,,    ,,810,,13079,,売掛の入金　手数料売上,メイツ電子,,
2024/12/6,,,1112,普通預金,2,,    ,,810,,1142,売掛金,3091,,    ,,810,,1309,,売掛の入金　手数料売上,美容室コパン,,
2024/12/6,,,1112,普通預金,2,,    ,,810,,1142,売掛金,3026,,    ,,810,,17611,,売掛の入金　手数料売上,セトケンジ,,
2024/12/6,,,1112,普通預金,2,,    ,,810,,1142,売掛金,3112,,    ,,810,,2618,,売掛の入金　手数料売上,やきとり山吹,,
2024/12/6,,,1112,普通預金,2,,    ,,810,,1142,売掛金,3044,,    ,,810,,5621,,売掛の入金　手数料売上,三協エンジニアリング,,
2024/12/6,,,1112,普通預金,2,,    ,,810,,1142,売掛金,3125,,    ,,810,,12298,,売掛の入金　手数料売上,海老民,,
2024/12/6,,,1112,普通預金,2,,    ,,810,,1142,売掛金,3102,,    ,,810,,3399,,売掛の入金　手数料売上,ヘアーサロンワダ,,
2024/12/6,,,1112,普通預金,2,,    ,,810,,1142,売掛金,3056,,    ,,810,,16148,,売掛の入金　手数料売上,新富,,
2024/12/8,,,6220,支払手数料,    ,,0,共通部門,310,10,1142,売掛金,2024,,    ,,810,,350,35,振込手数料相殺,環境オプティマル,,
2024/12/9,,,1112,普通預金,2,,    ,,810,,1142,売掛金,3052,,    ,,810,,4917,,売掛の入金　手数料売上,㈱ジャクエツ,,
2024/12/9,,,1112,普通預金,2,,    ,,810,,1142,売掛金,3205,,    ,,810,,19800,,売掛の入金　手数料売上,ジャパンプロセス,,
2024/12/9,,,1112,普通預金,2,,    ,,810,,1142,売掛金,3031,,    ,,810,,9317,,売掛の入金　手数料売上,キュービクス,,
2024/12/9,,,1112,普通預金,2,,    ,,810,,1142,売掛金,3103,,    ,,810,,2200,,売掛の入金　手数料売上,ホリ造形スタジオ,,
2024/12/9,,,1112,普通預金,2,,    ,,810,,1142,売掛金,3081,,    ,,810,,14674,,売掛の入金　手数料売上,ニュータウン㈱,,
2024/12/9,,,1112,普通預金,2,,    ,,810,,1142,売掛金,3066,,    ,,810,,5830,,売掛の入金　手数料売上,多摩食事サービス,,
2024/12/10,,,1112,普通預金,2,,    ,,810,,1142,売掛金,2024,,    ,,810,,415085,,売掛の入金　手数料売上,環境オプティマル,,
2024/12/10,,,1112,普通預金,2,,    ,,810,,1142,売掛金,3209,,    ,,810,,6457,,売掛の入金　手数料売上,ツチヤセイコ,,
2024/12/10,,,1112,普通預金,2,,    ,,810,,1142,売掛金,3213,,    ,,810,,68442,,売掛の入金　手数料売上,京浜予防医学研究所,,
2024/12/10,,,1112,普通預金,2,,    ,,810,,1142,売掛金,3033,,    ,,810,,1309,,売掛の入金　手数料売上,㈱クラレット,,
2024/12/10,,,1112,普通預金,2,,    ,,810,,1142,売掛金,3053,,    ,,810,,32241,,売掛の入金　手数料売上,昇辰電気㈱,,
2024/12/10,,,1112,普通預金,2,,    ,,810,,1142,売掛金,39,,    ,,810,,3646,,売掛の入金　手数料売上,ｵｵｸﾎﾞ ｶｽﾞﾐ,,
2024/12/10,,,6231,雑費,    ,,0,共通部門,511,10,1142,売掛金,3213,,    ,,810,,400,40,振込手数料,,,
2024/12/11,,,1112,普通預金,2,,    ,,810,,1142,売掛金,3043,,    ,,810,,6017,,売掛の入金　手数料売上,サニーサイド,,
2024/12/11,,,1112,普通預金,2,,    ,,810,,1142,売掛金,3003,,    ,,810,,7260,,売掛の入金　手数料売上,秋山商事,,
2024/12/11,,,1112,普通預金,2,,    ,,810,,1142,売掛金,3193,,    ,,810,,12100,,売掛の入金　手数料売上,セカンドホーム　キシヒデキ,,
2024/12/11,,,1112,普通預金,2,,    ,,810,,1142,売掛金,3073,,    ,,810,,6089,,売掛の入金　手数料売上,東洋エレメント工業,,
2024/12/11,,,1112,普通預金,2,,    ,,810,,1142,売掛金,3129,,    ,,810,,5885,,売掛の入金　手数料売上,中華福林　エンドウ,,
2024/12/12,,,1112,普通預金,2,,    ,,810,,1142,売掛金,3032,,    ,,810,,10417,,売掛の入金　手数料売上,クモイ　ヒデキ,,
2024/12/13,,,1112,普通預金,2,,    ,,810,,1142,売掛金,1,,    ,,810,,450780,,業務委託料　10月分,大興資源,,
2024/12/13,,,1112,普通預金,2,,    ,,810,,1142,売掛金,3022,,    ,,810,,2816,,売掛の入金　手数料売上,小笠原会計事務所,,
2024/12/13,,,1112,普通預金,2,,    ,,810,,1142,売掛金,3148,,    ,,810,,32604,,売掛の入金　手数料売上,中日本エクストール,,
2024/12/16,,,1112,普通預金,2,,    ,,810,,1142,売掛金,2,,    ,,810,,329349,,売掛の入金　手数料売上　こづか㈱,,,
2024/12/16,,,1112,普通預金,2,,    ,,810,,1142,売掛金,3051,,    ,,810,,36113,,売掛の入金　手数料売上,七五三寿司,,
2024/12/17,,,1112,普通預金,2,,    ,,810,,1142,売掛金,3177,,    ,,810,,1650,,売掛の入金　手数料売上,,,
2024/12/17,,,1112,普通預金,2,,    ,,810,,1142,売掛金,3134,,    ,,810,,6875,,売掛の入金　手数料売上,シバタヒロアキ,,
2024/12/17,,,1112,普通預金,2,,    ,,810,,1142,売掛金,3054,,    ,,810,,11616,,売掛の入金　手数料売上,珠洲,,
2024/12/17,,,1112,普通預金,2,,    ,,810,,1142,売掛金,3096,,    ,,810,,25410,,12月分 手数料売上,富士教材,,
2024/12/17,,,1112,普通預金,2,,    ,,810,,1142,売掛金,3095,,    ,,810,,9801,,売掛の入金　手数料売上,スズキシゲオ　フェイス,,
2024/12/18,,,1112,普通預金,2,,    ,,810,,1142,売掛金,3104,,    ,,810,,1309,,売掛の入金　手数料売上,イイ　デヨシコ,,
2024/12/18,,,1112,普通預金,2,,    ,,810,,1142,売掛金,3060,,    ,,810,,30239,,売掛の入金　手数料売上,太陽第一幼稚園,,
2024/12/19,,,1112,普通預金,2,,    ,,810,,1142,売掛金,3172,,    ,,810,,26719,,売掛の入金　手数料売上,優和,,
2024/12/19,,,1112,普通預金,2,,    ,,810,,1142,売掛金,3195,,    ,,810,,4455,,売掛の入金　手数料売上,ジェクト㈱,,
2024/12/20,,,1112,普通預金,1,,    ,,810,,1142,売掛金,2047,,    ,,810,,123871,,売掛の入金　手数料売上,京浜総合病院,,
2024/12/20,,,1112,普通預金,2,,    ,,810,,1142,売掛金,2126,,    ,,810,,17600,,売掛の入金　手数料売上,NECライベックス,,
2024/12/20,,,1112,普通預金,2,,    ,,810,,1142,売掛金,2543,,    ,,810,,33121,,売掛の入金　手数料売上,ブリヂストンタイヤソリューション,,
2024/12/20,,,1112,普通預金,2,,    ,,810,,1142,売掛金,3059,,    ,,810,,35860,,売掛の入金　手数料売上,ブリヂストンリテールジャパン,,
2024/12/20,,,1112,普通預金,2,,    ,,810,,1142,売掛金,3015,,    ,,810,,10450,,売掛の入金　手数料売上,インテリア大山,,
2024/12/20,,,1112,普通預金,2,,    ,,810,,1142,売掛金,1014,,    ,,810,,1100,,売掛の入金　手数料売上,武蔵小杉エリアマネジメント,,
2024/12/20,,,6231,雑費,    ,,0,共通部門,511,10,1142,売掛金,2047,,    ,,810,,800,80,振込手数料,,,
2024/12/23,,,1112,普通預金,2,,    ,,810,,1142,売掛金,3010,,    ,,810,,13222,,売掛の入金　手数料売上,井出紙工,,
2024/12/24,,,1112,普通預金,1,,    ,,810,,1142,売掛金,3173,,    ,,810,,1760,,12月分 手数料売上,川崎市中部児童相談所,,
2024/12/24,,,1112,普通預金,1,,    ,,810,,1142,売掛金,3173,,    ,,810,,16280,,ｱﾗｲﾝ,川崎市中部児童相談所,,
2024/12/25,,,1112,普通預金,2,,    ,,810,,1142,売掛金,3041,,    ,,810,,21472,,売掛の入金　手数料売上,亀ヶ谷モータース,,
2024/12/25,,,1112,普通預金,2,,    ,,810,,1142,売掛金,2921,,    ,,810,,63800,,売掛の入金　手数料売上,日本動物高度医療センター,,
2024/12/25,,,1112,普通預金,2,,    ,,810,,1142,売掛金,3201,,    ,,810,,2200,,売掛の入金　手数料売上,オールマイト,,
2024/12/25,,,1112,普通預金,2,,    ,,810,,1142,売掛金,3079,,    ,,810,,5742,,売掛の入金　手数料売上,日成工業,,
2024/12/25,,,1112,普通預金,2,,    ,,810,,1142,売掛金,3166,,    ,,810,,5104,,売掛の入金　手数料売上,㈱いっぽ,,
2024/12/25,,,1112,普通預金,2,,    ,,810,,1142,売掛金,1013,,    ,,810,,10230,,売掛の入金　手数料売上,平間耳鼻咽喉科医院,,
2024/12/25,,,1112,普通預金,2,,    ,,810,,1142,売掛金,3008,,    ,,810,,4158,,売掛の入金　手数料売上,板垣電子工業,,
2024/12/26,,,1112,普通預金,2,,    ,,810,,1142,売掛金,3018,,    ,,810,,6600,,売掛の入金　手数料売上,荏原実業㈱,,
2024/12/26,,,1112,普通預金,2,,    ,,810,,1142,売掛金,3158,,    ,,810,,7502,,売掛の入金　手数料売上,セキュリライフ,,
2024/12/26,,,1112,普通預金,2,,    ,,810,,1142,売掛金,3034,,    ,,810,,41410,,売掛の入金　手数料売上,長谷工シニアウェルデザイン,,
2024/12/26,,,1112,普通預金,2,,    ,,810,,1142,売掛金,3024,,    ,,810,,5621,,売掛の入金　手数料売上,奥村動物病院,,
2024/12/26,,,1112,普通預金,2,,    ,,810,,1142,売掛金,34,,    ,,810,,2827,,売掛の入金　手数料売上,㈱シエスタ,,
2024/12/26,,,1112,普通預金,2,,    ,,810,,1142,売掛金,3163,,    ,,810,,18139,,売掛の入金　手数料売上,宮崎華園,,
2024/12/26,,,1112,普通預金,2,,    ,,810,,1142,売掛金,3013,,    ,,810,,3245,,売掛の入金　手数料売上,イマージアクト,,
2024/12/27,,,6220,支払手数料,    ,,0,共通部門,310,10,1142,売掛金,3034,,    ,,810,,255,25,振込手数料相殺,ﾊｾｺｳｼﾆｱｳｴﾙﾃﾞｻﾞｲﾝ,,
2024/12/27,,,1112,普通預金,1,,    ,,810,,1142,売掛金,3,,    ,,810,,9864983,,市　収集計画,,,
2024/12/27,,,1112,普通預金,1,,    ,,810,,1142,売掛金,3200,,    ,,810,,165973,,12月分　手数料売上,サティスファクトリー,,
2024/12/27,,,1112,普通預金,2,,    ,,810,,1142,売掛金,1019,,    ,,810,,1650,,売掛の入金　手数料売上,川崎オキシトン,,
2024/12/27,,,1112,普通預金,2,,    ,,810,,1142,売掛金,3045,,    ,,810,,35992,,売掛の入金　手数料売上,サンメディックス,,
2024/12/27,,,1112,普通預金,2,,    ,,810,,1142,売掛金,3118,,    ,,810,,5621,,売掛の入金　手数料売上,NPO　SSS,,
2024/12/27,,,1112,普通預金,2,,    ,,810,,1142,売掛金,3049,,    ,,810,,7843,,売掛の入金　手数料売上,シティー企画工業,,
2024/12/27,,,1112,普通預金,2,,    ,,810,,1142,売掛金,2026,,    ,,810,,694320,,売掛の入金　手数料売上,三友商事,,
2024/12/27,,,1112,普通預金,2,,    ,,810,,1142,売掛金,3098,,    ,,810,,19261,,手数料売上,㈲フジヤモデル,,
2024/12/27,,,1112,普通預金,2,,    ,,810,,1142,売掛金,3114,,    ,,810,,29161,,売掛の入金　手数料売上,㈱エコミット,,
2024/12/27,,,1112,普通預金,2,,    ,,810,,1142,売掛金,3058,,    ,,810,,1408,,売掛の入金　手数料売上,大丸化工,,
2024/12/27,,,1112,普通預金,2,,    ,,810,,1142,売掛金,1007,,    ,,810,,1100,,売掛の入金　手数料売上,ティーケープロジェクト,,
2024/12/27,,,1112,普通預金,2,,    ,,810,,1142,売掛金,35,,    ,,810,,33099,,売掛の入金　手数料売上,㈱ビーナス,,
2024/12/27,,,1112,普通預金,2,,    ,,810,,1142,売掛金,3187,,    ,,810,,1980,,売掛の入金　手数料売上,グリーン調剤薬局,,
2024/12/27,,,1112,普通預金,2,,    ,,810,,1142,売掛金,3068,,    ,,810,,9471,,売掛の入金　手数料売上,地質計測,,
2024/12/27,,,1112,普通預金,2,,    ,,810,,1142,売掛金,1017,,    ,,810,,4400,,売掛の入金　手数料売上,㈱エスエフインフォネット,,
2024/12/27,,,1112,普通預金,2,,    ,,810,,1142,売掛金,3048,,    ,,810,,5412,,売掛の入金　手数料売上,㈱ジェーケービー,,
2024/12/27,,,1112,普通預金,2,,    ,,810,,1142,売掛金,3017,,    ,,810,,9108,,売掛の入金　手数料売上,英和工業,,
2024/12/27,,,1112,普通預金,2,,    ,,810,,1142,売掛金,2011,,    ,,810,,33550,,売掛の入金　手数料売上,ﾘｰｽﾞｼﾞｬﾊﾟﾝ,,
2024/12/27,,,1112,普通預金,2,,    ,,810,,1142,売掛金,3011,,    ,,810,,37246,,売掛の入金　手数料売上,イノベイションオブメディカル,,
2024/12/27,,,1112,普通預金,2,,    ,,810,,1142,売掛金,3137,,    ,,810,,13497,,売掛の入金　手数料売上,シュウヘイ,,
2024/12/27,,,6220,支払手数料,    ,,0,共通部門,310,10,1142,売掛金,3200,,    ,,810,,600,60,振込手数料,,,
2024/12/29,,,6220,支払手数料,    ,,0,共通部門,310,10,1142,売掛金,3126,,    ,,810,,600,60,振込手数料相殺,ﾒｯﾄﾞﾄﾗｽﾄ東京,,
2024/12/29,,,1112,普通預金,2,,    ,,810,,1142,売掛金,3211,,    ,,810,,6248,,売掛の入金　手数料売上,スリーアール㈱,,
2024/12/29,,,1112,普通預金,2,,    ,,810,,1142,売掛金,3169,,    ,,810,,5621,,売掛の入金　手数料売上,やきとりおしどり　マツイヨシオ,,
2024/12/30,,,1112,普通預金,1,,    ,,810,,1142,売掛金,2001,,    ,,810,,273526,,12月分 手数料売上,J&T環境,,
2024/12/30,,,1112,普通預金,1,,    ,,810,,1142,売掛金,2010,,    ,,810,,15851,,12月分 手数料売上,ラボラトリー㈱,,
2024/12/30,,,1101,現金,    ,,    ,,810,,1142,売掛金,3108,,    ,,810,,1650,,,㈲溝ノ口製麺渡辺商店,,
2024/12/30,,,1112,普通預金,2,,    ,,810,,1142,売掛金,1,,    ,,810,,773480,,,㈲大興資源,,
2024/12/30,,,1112,普通預金,2,,    ,,810,,1142,売掛金,3165,,    ,,810,,4400,,売掛の入金　手数料売上,㈱リフト,,
2024/12/30,,,1112,普通預金,2,,    ,,810,,1142,売掛金,3069,,    ,,810,,7920,,売掛の入金　手数料売上,ユニック産業,,
2024/12/30,,,1112,普通預金,2,,    ,,810,,1142,売掛金,3159,,    ,,810,,110000,,売掛の入金　手数料売上,カナイエンタープライズ,,
2024/12/30,,,1112,普通預金,2,,    ,,810,,1142,売掛金,3007,,    ,,810,,23474,,売掛の入金　手数料売上,㈱イーストサウンド,,
2024/12/30,,,1112,普通預金,2,,    ,,810,,1142,売掛金,3226,,    ,,810,,1650,,売掛の入金　手数料売上,嶺岡設備㈱,,
2024/12/30,,,1112,普通預金,2,,    ,,810,,1142,売掛金,3204,,    ,,810,,33000,,売掛の入金　手数料売上,ティーエスエンバイロ㈱,,
2024/12/30,,,1112,普通預金,2,,    ,,810,,1142,売掛金,3106,,    ,,810,,63162,,売掛の入金　手数料売上,岬水産,,
2024/12/30,,,1112,普通預金,2,,    ,,810,,1142,売掛金,3070,,    ,,810,,3300,,売掛の入金　手数料売上,ティーエム設備工業,,
2024/12/30,,,1112,普通預金,2,,    ,,810,,1142,売掛金,3126,,    ,,810,,61534,,売掛の入金　手数料売上,メッドトラストトウキョウ,,
2024/12/30,,,1112,普通預金,2,,    ,,810,,1142,売掛金,3185,,    ,,810,,44000,,売掛の入金　手数料売上,アイセイカイ,,
2024/12/30,,,1112,普通預金,2,,    ,,810,,1142,売掛金,3046,,    ,,810,,19481,,売掛の入金　手数料売上,賛友精機,,
2024/12/30,,,1112,普通預金,2,,    ,,810,,1142,売掛金,3170,,    ,,810,,7480,,売掛の入金　手数料売上,アースキッズ㈱,,
2024/12/30,,,1112,普通預金,2,,    ,,810,,1142,売掛金,3028,,    ,,810,,58729,,売掛の入金　手数料売上,神奈川中央交通東㈱,,
2024/12/30,,,1112,普通預金,2,,    ,,810,,1142,売掛金,3131,,    ,,810,,90167,,売掛の入金　手数料売上,キンキショウジ,,
2024/12/30,,,1112,普通預金,2,,    ,,810,,1142,売掛金,3107,,    ,,810,,2816,,売掛の入金　手数料売上,水谷建築設計,,
2024/12/30,,,1112,普通預金,2,,    ,,810,,1142,売掛金,1011,,    ,,810,,15400,,売掛の入金　手数料売上,いい食,,
2024/12/31,,,1142,売掛金,3,,    ,,810,,4106,委託料売上,    ,,3,川崎委託,110,10,8968168,896816,業務委託料,,,
2024/12/31,,,1142,売掛金,3172,,    ,,810,,4103,手数料売上,    ,,1,横浜,110,10,24100,2410,12月分 手数料売上,(株)優和,,
2024/12/31,,,1142,売掛金,3098,,    ,,810,,4103,手数料売上,    ,,1,横浜,110,10,14800,1480,12月分 手数料売上,ﾌｼﾞﾔﾓﾃﾞﾙ,,
2024/12/31,,,1142,売掛金,3103,,    ,,810,,4103,手数料売上,    ,,1,横浜,110,10,1000,100,12月分 手数料売上,(有)ホリ造形スタジオ,,
2024/12/31,,,1142,売掛金,3125,,    ,,810,,4103,手数料売上,    ,,1,横浜,110,10,11180,1118,12月分 手数料売上,㈲海老民,,
2024/12/31,,,1142,売掛金,3086,,    ,,810,,4103,手数料売上,    ,,1,横浜,110,10,6060,606,12月分 手数料売上,原田管理商会,,
2024/12/31,,,1142,売掛金,3044,,    ,,810,,4103,手数料売上,    ,,1,横浜,110,10,5110,511,12月分 手数料売上,三協ｴﾝｼﾞﾆｱﾘﾝｸﾞ,,
2024/12/31,,,1142,売掛金,3054,,    ,,810,,4103,手数料売上,    ,,1,横浜,110,10,11200,1120,12月分 手数料売上,㈲珠洲,,
2024/12/31,,,1142,売掛金,3107,,    ,,810,,4103,手数料売上,    ,,1,横浜,110,10,1280,128,12月分 手数料売上,水谷建築設計事務所,,
2024/12/31,,,1142,売掛金,3069,,    ,,810,,4103,手数料売上,    ,,1,横浜,110,10,11200,1120,12月分 手数料売上,津田山製作所,,
2024/12/31,,,1142,売掛金,3079,,    ,,810,,4103,手数料売上,    ,,1,横浜,110,10,7860,786,12月分 手数料売上,日成工業,,
2024/12/31,,,1142,売掛金,3115,,    ,,810,,4103,手数料売上,    ,,1,横浜,110,10,2140,214,12月分 手数料売上,(有)百合丘ホーム,,
2024/12/31,,,1142,売掛金,3096,,    ,,810,,4103,手数料売上,    ,,1,横浜,110,10,12200,1220,12月分 手数料売上,富士教材,,
2024/12/31,,,1142,売掛金,3211,,    ,,810,,4103,手数料売上,    ,,1,横浜,110,10,5680,568,12月分 手数料売上 未入金,History元住吉店,,
2024/12/31,,,1142,売掛金,2001,,    ,,810,,4103,手数料売上,    ,,1,横浜,110,10,249500,24950,12月分 手数料売上,J&T環境,,
2024/12/31,,,1142,売掛金,3158,,    ,,810,,4103,手数料売上,    ,,1,横浜,110,10,6820,682,12月分 手数料売上,NPO　SSS,,
2024/12/31,,,1142,売掛金,1014,,    ,,810,,4103,手数料売上,    ,,1,横浜,110,10,7300,730,12月分 手数料売上,小杉駅周辺エリアマネ,,
2024/12/31,,,1142,売掛金,3043,,    ,,810,,4103,手数料売上,    ,,1,横浜,110,10,5470,547,12月分 手数料売上,sunnyこどもｸﾘﾆｯｸ,,
2024/12/31,,,1142,売掛金,1007,,    ,,810,,4103,手数料売上,    ,,1,横浜,110,10,34600,3460,12月分 手数料売上,TKプロジェクト,,
2024/12/31,,,1142,売掛金,3185,,    ,,810,,4103,手数料売上,    ,,1,横浜,110,10,40000,4000,12月分 手数料売上,有馬病院,,
2024/12/31,,,1142,売掛金,3166,,    ,,810,,4103,手数料売上,    ,,1,横浜,110,10,3070,307,12月分 手数料売上,いっぽ　百合ヶ丘,,
2024/12/31,,,1142,売掛金,3013,,    ,,810,,4103,手数料売上,    ,,1,横浜,110,10,2950,295,12月分 手数料売上,ｲﾏｰｼﾞｱｸﾄ南加瀬,,
2024/12/31,,,1142,売掛金,3201,,    ,,810,,4103,手数料売上,    ,,1,横浜,110,10,2000,200,12月分 手数料売上,オールマイト㈱,,
2024/12/31,,,1142,売掛金,3025,,    ,,810,,4103,手数料売上,    ,,1,横浜,110,10,5900,590,12月分 手数料売上,おさない電設㈱,,
2024/12/31,,,1142,売掛金,3029,,    ,,810,,4103,手数料売上,    ,,1,横浜,110,10,13160,1316,12月分 手数料売上,カフェ　ド　シュロ,,
2024/12/31,,,1142,売掛金,2011,,    ,,810,,4103,手数料売上,    ,,1,横浜,110,10,32180,3218,12月分 手数料売上 未入金,リーズジャパン,,
2024/12/31,,,1142,売掛金,3032,,    ,,810,,4103,手数料売上,    ,,1,横浜,110,10,10050,1005,12月分 手数料売上,くもい歯科ｸﾘﾆｸ,,
2024/12/31,,,1142,売掛金,3179,,    ,,810,,4103,手数料売上,    ,,1,横浜,110,10,7660,766,12月分 手数料売上,クラブティピラティス溝の口,,
2024/12/31,,,1142,売掛金,3187,,    ,,810,,4103,手数料売上,    ,,1,横浜,110,10,1800,180,12月分 手数料売上,グリーン調剤薬局,,
2024/12/31,,,1142,売掛金,2047,,    ,,810,,4103,手数料売上,    ,,1,横浜,110,10,114740,11474,12月分 手数料売上,京浜総合病院,,
2024/12/31,,,1142,売掛金,3213,,    ,,810,,4103,手数料売上,    ,,1,横浜,110,10,58270,5827,12月分 手数料売上,京浜総合病院,,
2024/12/31,,,1142,売掛金,3041,,    ,,810,,4103,手数料売上,    ,,1,横浜,110,10,17580,1758,12月分 手数料売上,ｺﾊﾞｯｸ亀ヶ谷ﾓｰﾀｰｽ,,
2024/12/31,,,1142,売掛金,1011,,    ,,810,,4103,手数料売上,    ,,1,横浜,110,10,4000,400,12月分 手数料売上,こぱんはうすさくら久,,
2024/12/31,,,1142,売掛金,3042,,    ,,810,,4103,手数料売上,    ,,1,横浜,110,10,2560,256,12月分 手数料売上,さかい医院,,
2024/12/31,,,1142,売掛金,3045,,    ,,810,,4103,手数料売上,    ,,1,横浜,110,10,32700,3270,12月分 手数料売上,ｻﾝﾒﾃﾞｨｯｸｽ,,
2024/12/31,,,1142,売掛金,3049,,    ,,810,,4103,手数料売上,    ,,1,横浜,110,10,7510,751,12月分 手数料売上,ｼﾃｨｰ企画工業,,
2024/12/31,,,1142,売掛金,3170,,    ,,810,,4103,手数料売上,    ,,1,横浜,110,10,7010,701,12月分 手数料売上,スタジオそら,,
2024/12/31,,,1142,売掛金,1003,,    ,,810,,4103,手数料売上,    ,,1,横浜,110,10,5000,500,12月分 手数料売上,スナック千恵,,
2024/12/31,,,1142,売掛金,1017,,    ,,810,,4103,手数料売上,    ,,1,横浜,110,10,4000,400,12月分 手数料売上,ｾﾝﾄﾗﾙ薬局,,
2024/12/31,,,1142,売掛金,3065,,    ,,810,,4103,手数料売上,    ,,1,横浜,110,10,1380,138,12月分 手数料売上,(株)田淵製作所,,
2024/12/31,,,1142,売掛金,3204,,    ,,810,,4103,手数料売上,    ,,1,横浜,110,10,30000,3000,12月分 手数料売上,ティーエスエンバイロ㈱,,
2024/12/31,,,1142,売掛金,3070,,    ,,810,,4103,手数料売上,    ,,1,横浜,110,10,3000,300,12月分 手数料売上,ﾃｨｰｴﾑ設備工業,,
2024/12/31,,,1142,売掛金,1006,,    ,,810,,4103,手数料売上,    ,,1,横浜,110,10,500,50,12月分 手数料売上,ﾄﾞｯｸﾞｻﾛﾝMACO,,
2024/12/31,,,1142,売掛金,3074,,    ,,810,,4103,手数料売上,    ,,1,横浜,110,10,4470,447,12月分 手数料売上,ナインデンタルスタジ,,
2024/12/31,,,1142,売掛金,2921,,    ,,810,,4103,手数料売上,    ,,1,横浜,110,10,58000,5800,12月分 手数料売上,日本動物高度医療センター,,
2024/12/31,,,1142,売掛金,3081,,    ,,810,,4103,手数料売上,    ,,1,横浜,110,10,13340,1334,12月分 手数料売上,ﾆｭｰﾀｳﾝ㈱鷺沼店,,
2024/12/31,,,1142,売掛金,3209,,    ,,810,,4103,手数料売上,    ,,1,横浜,110,10,7370,737,12月分 手数料売上,登戸ブレスケアクリニック,,
2024/12/31,,,1142,売掛金,3165,,    ,,810,,4103,手数料売上,    ,,1,横浜,110,10,4000,400,12月分 手数料売上,ハウスクリニック,,
2024/12/31,,,1142,売掛金,3034,,    ,,810,,4103,手数料売上,    ,,1,横浜,110,10,38660,3866,12月分 手数料売上,ひまわり高津つどいの,,
2024/12/31,,,1142,売掛金,3093,,    ,,810,,4103,手数料売上,    ,,1,横浜,110,10,1570,157,12月分 手数料売上,ﾌﾟｱｶｲ,,
2024/12/31,,,1142,売掛金,3095,,    ,,810,,4103,手数料売上,    ,,1,横浜,110,10,8910,891,12月分 手数料売上,ﾌｪｲｽ,,
2024/12/31,,,1142,売掛金,3190,,    ,,810,,4103,手数料売上,    ,,1,横浜,110,10,5000,500,12月分 手数料売上,プラスワン京王稲田堤店,,
2024/12/31,,,1142,売掛金,3134,,    ,,810,,4103,手数料売上,    ,,1,横浜,110,10,5870,587,12月分 手数料売上,ﾌﾛｰﾗﾙ夢木香,,
2024/12/31,,,1142,売掛金,3131,,    ,,810,,4103,手数料売上,    ,,1,横浜,110,10,81120,8112,12月分 手数料売上,べったこ物流,,
2024/12/31,,,1142,売掛金,3104,,    ,,810,,4103,手数料売上,    ,,1,横浜,110,10,1190,119,12月分 手数料売上,ﾎﾟﾋﾟ美容室,,
2024/12/31,,,1142,売掛金,3169,,    ,,810,,4103,手数料売上,    ,,1,横浜,110,10,5110,511,12月分 手数料売上,やきとりおしどり,,
2024/12/31,,,1142,売掛金,3112,,    ,,810,,4103,手数料売上,    ,,1,横浜,110,10,2380,238,12月分 手数料売上,やきとり山吹,,
2024/12/31,,,1142,売掛金,3114,,    ,,810,,4103,手数料売上,    ,,1,横浜,110,10,27460,2746,12月分 手数料売上,ﾕｰｽﾞﾚｯﾄ元住吉,,
2024/12/31,,,1142,売掛金,3118,,    ,,810,,4103,手数料売上,    ,,1,横浜,110,10,5110,511,12月分 手数料売上,ﾗｲﾌﾃｯｸ,,
2024/12/31,,,1142,売掛金,2010,,    ,,810,,4103,手数料売上,    ,,1,横浜,110,10,14715,1471,12月分 手数料売上,ラボラトリー,,
2024/12/31,,,1142,売掛金,3119,,    ,,810,,4103,手数料売上,    ,,1,横浜,110,10,6440,644,12月分 手数料売上,ﾗﾝﾄﾞﾗﾝﾄﾞﾘｰ　ﾗﾝﾄﾞﾗﾝﾄﾞﾘｰ読売ﾗﾝﾄﾞ店,,
2024/12/31,,,1142,売掛金,3120,,    ,,810,,4103,手数料売上,    ,,1,横浜,110,10,5470,547,12月分 手数料売上,ﾘｨｰｻﾝｸ,,
2024/12/31,,,1142,売掛金,3018,,    ,,810,,4103,手数料売上,    ,,1,横浜,110,10,3000,300,12月分 手数料売上,荏原実業,,
2024/12/31,,,1142,売掛金,3018,,    ,,810,,4103,手数料売上,    ,,1,横浜,110,10,3000,300,12月分 手数料売上,荏原実業,,
2024/12/31,,,1142,売掛金,3017,,    ,,810,,4103,手数料売上,    ,,1,横浜,110,10,8270,827,12月分 手数料売上,英和工業,,
2024/12/31,,,1142,売掛金,3024,,    ,,810,,4103,手数料売上,    ,,1,横浜,110,10,5870,587,12月分 手数料売上,奥村動物病院,,
2024/12/31,,,1142,売掛金,3026,,    ,,810,,4103,手数料売上,    ,,1,横浜,110,10,15630,1563,12月分 手数料売上,海鮮居酒屋　檸檬,,
2024/12/31,,,1142,売掛金,3048,,    ,,810,,4103,手数料売上,    ,,1,横浜,110,10,5110,511,12月分 手数料売上,JKB,,
2024/12/31,,,1142,売掛金,3192,,    ,,810,,4103,手数料売上,    ,,1,横浜,110,10,22050,2205,12月分 手数料売上,㈱NTプラス,,
2024/12/31,,,1142,売掛金,3137,,    ,,810,,4103,手数料売上,    ,,1,横浜,110,10,14930,1493,12月分 手数料売上,SHUHEI,,
2024/12/31,,,1142,売掛金,3001,,    ,,810,,4103,手数料売上,    ,,1,横浜,110,10,2880,288,12月分 手数料売上,あおば,,
2024/12/31,,,1142,売掛金,3007,,    ,,810,,4103,手数料売上,    ,,1,横浜,110,10,15330,1533,12月分 手数料売上,ｲｰｽﾄｻｳﾝﾄﾞ,,
2024/12/31,,,1142,売掛金,3011,,    ,,810,,4103,手数料売上,    ,,1,横浜,110,10,33130,3313,12月分 手数料売上,ｲﾉﾍﾞｲｼｮﾝｵﾌﾞﾒﾃﾞｨｶﾙｻｰﾋ,,
2024/12/31,,,1142,売掛金,3176,,    ,,810,,4103,手数料売上,    ,,1,横浜,110,10,43800,4380,12月分 手数料売上,㈱エクサスソリューションズ,,
2024/12/31,,,1142,売掛金,3159,,    ,,810,,4103,手数料売上,    ,,1,横浜,110,10,100000,10000,12月分 手数料売上,株式会社カナイエンタ,,
2024/12/31,,,1142,売掛金,3200,,    ,,810,,4103,手数料売上,    ,,1,横浜,110,10,159485,15948,12月分 手数料売上,㈱サティスファクトリーBPO本部運用管理部,,
2024/12/31,,,1142,売掛金,3052,,    ,,810,,4103,手数料売上,    ,,1,横浜,110,10,3260,326,12月分 手数料売上,ｼﾞｬｸｴﾂ,,
2024/12/31,,,1142,売掛金,3205,,    ,,810,,4103,手数料売上,    ,,1,横浜,110,10,18000,1800,12月分 手数料売上,㈱ジャパンプロセス,,
2024/12/31,,,1142,売掛金,3059,,    ,,810,,4103,手数料売上,    ,,1,横浜,110,10,30850,3085,12月分 手数料売上,ﾀｲﾔ館京浜高津,,
2024/12/31,,,1142,売掛金,3182,,    ,,810,,4103,手数料売上,    ,,1,横浜,110,10,12860,1286,12月分 手数料売上,㈱メイツ電子,,
2024/12/31,,,1142,売掛金,3126,,    ,,810,,4103,手数料売上,    ,,1,横浜,110,10,61070,6107,12月分 手数料売上,㈱ﾒｯﾄﾞﾄﾗｽﾄ東京,,
2024/12/31,,,1142,売掛金,3147,,    ,,810,,4103,手数料売上,    ,,1,横浜,110,10,48380,4838,12月分 手数料売上,ワンラインシステム,,
2024/12/31,,,1142,売掛金,3010,,    ,,810,,4103,手数料売上,    ,,1,横浜,110,10,15860,1586,12月分 手数料売上,井出紙工,,
2024/12/31,,,1142,売掛金,2024,,    ,,810,,4103,手数料売上,    ,,1,横浜,110,10,291200,29120,12月分 手数料売上,環境ｵﾌﾟﾃｨﾏﾙ,,
2024/12/31,,,1142,売掛金,3163,,    ,,810,,4103,手数料売上,    ,,1,横浜,110,10,16110,1611,12月分 手数料売上,宮崎華園,,
2024/12/31,,,1142,売掛金,1008,,    ,,810,,4103,手数料売上,    ,,1,横浜,110,10,8500,850,12月分 手数料売上,溝の口ｵﾌｨｽ,,
2024/12/31,,,1142,売掛金,3108,,    ,,810,,4103,手数料売上,    ,,1,横浜,110,10,1700,170,12月分 手数料売上,溝ノ口製麺渡辺商店,,
2024/12/31,,,1142,売掛金,3031,,    ,,810,,4103,手数料売上,    ,,1,横浜,110,10,8470,847,12月分 手数料売上,ｷｭｰﾋﾞｯｸｽ,,
2024/12/31,,,1142,売掛金,3113,,    ,,810,,4103,手数料売上,    ,,1,横浜,110,10,1280,128,12月分 手数料売上,山口歯科医院,,
2024/12/31,,,1142,売掛金,3046,,    ,,810,,4103,手数料売上,    ,,1,横浜,110,10,17070,1707,12月分 手数料売上,賛友精機,,
2024/12/31,,,1142,売掛金,3051,,    ,,810,,4103,手数料売上,    ,,1,横浜,110,10,33210,3321,12月分 手数料売上,七五三寿司,,
2024/12/31,,,1142,売掛金,3022,,    ,,810,,4103,手数料売上,    ,,1,横浜,110,10,1280,128,12月分 手数料売上,小笠原会計事務所,,
2024/12/31,,,1142,売掛金,3053,,    ,,810,,4103,手数料売上,    ,,1,横浜,110,10,23720,2372,12月分 手数料売上,昇辰電気,,
2024/12/31,,,1142,売掛金,3056,,    ,,810,,4103,手数料売上,    ,,1,横浜,110,10,15440,1544,12月分 手数料売上,新富,,
2024/12/31,,,1142,売掛金,3028,,    ,,810,,4103,手数料売上,    ,,1,横浜,110,10,49310,4931,12月分 手数料売上,神奈川中央交通東,,
2024/12/31,,,1142,売掛金,1019,,    ,,810,,4103,手数料売上,    ,,1,横浜,110,10,1500,150,12月分 手数料売上,川崎ｵｷｼﾄﾝ,,
2024/12/31,,,1142,売掛金,3030,,    ,,810,,4103,手数料売上,    ,,1,横浜,110,10,3090,309,12月分 手数料売上,川崎建設,,
2024/12/31,,,1142,売掛金,3173,,    ,,810,,4103,手数料売上,    ,,1,横浜,110,10,14800,1480,12月分 手数料売上,川崎市中部児童相談所,,
2024/12/31,,,1142,売掛金,3066,,    ,,810,,4103,手数料売上,    ,,1,横浜,110,10,5200,520,12月分 手数料売上,多摩食事ｻｰﾋﾞｽかりん,,
2024/12/31,,,1142,売掛金,3060,,    ,,810,,4103,手数料売上,    ,,1,横浜,110,10,42440,4244,12月分 手数料売上,太陽第一幼稚園,,
2024/12/31,,,1142,売掛金,3058,,    ,,810,,4103,手数料売上,    ,,1,横浜,110,10,5980,598,12月分 手数料売上,大丸化工,,
2024/12/31,,,1142,売掛金,3129,,    ,,810,,4103,手数料売上,    ,,1,横浜,110,10,5350,535,12月分 手数料売上,中華福林,,
2024/12/31,,,1142,売掛金,3148,,    ,,810,,4103,手数料売上,    ,,1,横浜,110,10,28840,2884,12月分 手数料売上,中日本ｴｸｽﾄｰﾙ,,
2024/12/31,,,1142,売掛金,3073,,    ,,810,,4103,手数料売上,    ,,1,横浜,110,10,5872,587,12月分 手数料売上,東洋ｴﾚﾒﾝﾄ工業㈱,,
2024/12/31,,,1142,売掛金,3099,,    ,,810,,4103,手数料売上,    ,,1,横浜,110,10,4410,441,12月分 手数料売上,二子新地整骨院,,
2024/12/31,,,1142,売掛金,3008,,    ,,810,,4103,手数料売上,    ,,1,横浜,110,10,3780,378,12月分 手数料売上,板垣電子工業,,
2024/12/31,,,1142,売掛金,1012,,    ,,810,,4103,手数料売上,    ,,1,横浜,110,10,8000,800,12月分 手数料売上,美・デザイン ㈲大興資源へ請求,,
2024/12/31,,,1142,売掛金,3091,,    ,,810,,4103,手数料売上,    ,,1,横浜,110,10,1190,119,12月分 手数料売上,美容室コパン,,
2024/12/31,,,1142,売掛金,3097,,    ,,810,,4103,手数料売上,    ,,1,横浜,110,10,35670,3567,12月分 手数料売上,不二ﾌﾟﾗﾝﾄ工業㈱,,
2024/12/31,,,1142,売掛金,3106,,    ,,810,,4103,手数料売上,    ,,1,横浜,110,10,56640,5664,12月分 手数料売上,岬水産,,
2024/12/31,,,1142,売掛金,3084,,    ,,810,,4103,手数料売上,    ,,1,横浜,110,10,10460,1046,12月分 手数料売上,林整形外科,,
2024/12/31,,,1142,売掛金,2543,,    ,,810,,4103,手数料売上,    ,,1,横浜,110,10,33180,3318,12月分 手数料売上,ブリヂストンタイヤソリューションジャパン,,
2024/12/31,,,1142,売掛金,35,,    ,,810,,4103,手数料売上,    ,,1,横浜,110,10,33080,3308,12月分 手数料売上,リハフロンティア株式,,
2024/12/31,,,1142,売掛金,34,,    ,,810,,4103,手数料売上,    ,,1,横浜,110,10,2570,257,12月分 手数料売上,㈱siesta,,
2024/12/31,,,1142,売掛金,3191,,    ,,810,,4103,手数料売上,    ,,1,横浜,110,10,4980,498,12月分 手数料売上,㈲ｼﾞｮｲﾌ,,
2024/12/31,,,1142,売掛金,33,,    ,,810,,4103,手数料売上,    ,,1,横浜,110,10,5780,578,12月分 手数料売上,㈱Gradeup,,
2024/12/31,,,1142,売掛金,3226,,    ,,810,,4103,手数料売上,    ,,1,横浜,110,10,17000,1700,12月分 手数料売上,嶺岡設備㈱,,
2024/12/31,,,1142,売掛金,39,,    ,,810,,4103,手数料売上,    ,,1,横浜,110,10,6820,682,12月分 手数料売上,ｶﾒﾊﾁﾍﾞｰｶﾘｰ,,
2024/12/31,,,1142,売掛金,3207,,    ,,810,,4103,手数料売上,    ,,1,横浜,110,10,13600,1360,12月分 手数料売上,㈱ｱﾗｲﾝ,,
2024/12/31,,,1142,売掛金,2,,    ,,810,,4105,商品売上,    ,,1,横浜,110,10,309710,30971,手数料売上　こづか㈱,こづか㈱,,
2024/12/31,,,1142,売掛金,2,,    ,,810,,4102,作業料売上　ｺﾂﾞｶ㈱,    ,,1,横浜,110,10,180000,18000,こづか事務手数料（千葉さん・的場さん）,こづか㈱,,
2024/12/31,,,1142,売掛金,1,,    ,,810,,4101,作業料売上　㈲大興資源,    ,,1,横浜,110,10,530000,53000,廃棄物収集請負,㈲大興資源,,
2024/12/31,,,1142,売掛金,1,,    ,,810,,1142,売掛金,1012,,    ,,810,,6050,,㈲大興資源へ入金された,,,
2024/12/31,,,1142,売掛金,2026,,    ,,810,,4103,手数料売上,    ,,1,横浜,110,10,1541100,154110,12月分 手数料売上,三友商事,,
2024/12/31,,,1142,売掛金,3109,,    ,,810,,4103,手数料売上,    ,,1,横浜,110,10,1560,156,12月分 手数料売上,ﾒｶﾞﾈｽﾄｱ-武蔵中原店 ㈲大興資源へ請求,,
2025/1/6,,,1112,普通預金,1,,    ,,810,,1142,売掛金,3207,,    ,,810,,14575,,ｶ)ｱﾗｲﾝ,,,
2025/1/6,,,1112,普通預金,2,,    ,,810,,1142,売掛金,1008,,    ,,810,,9350,,売掛の入金　手数料売上,エムコミュー,,
2025/1/6,,,1112,普通預金,2,,    ,,810,,1142,売掛金,3147,,    ,,810,,58707,,売掛の入金　手数料売上,ワンラインシステム,,
2025/1/6,,,1112,普通預金,2,,    ,,810,,1142,売掛金,3120,,    ,,810,,6017,,売掛の入金　手数料売上　9月分,リィーサンク,,
2025/1/6,,,6231,雑費,    ,,0,共通部門,511,10,1142,売掛金,3207,,    ,,810,,350,35,振込手数料,,,
2025/1/7,,,6220,支払手数料,    ,,0,共通部門,310,10,1142,売掛金,2024,,    ,,810,,350,35,振込手数料相殺,環境ｵﾌﾟﾃｨﾏﾙ,,
2025/1/7,,,9999,諸口,    ,,    ,,810,,1142,売掛金,3086,,    ,,810,,8338,,売掛の入金　手数料売上,㈲原田管理商会,,
2025/1/7,,,9999,諸口,    ,,    ,,810,,1142,売掛金,3119,,    ,,810,,6666,,売掛の入金　手数料売上,㈲原田管理商会,,
2025/1/7,,,9999,諸口,    ,,    ,,810,,1142,売掛金,3029,,    ,,810,,13849,,売掛の入金　手数料売上,㈲原田管理商会,,
2025/1/9,,,1112,普通預金,2,,    ,,810,,1142,売掛金,3205,,    ,,810,,19800,,売掛の入金　手数料売上,ジャパンプロセス,,
2025/1/9,,,1112,普通預金,2,,    ,,810,,1142,売掛金,3103,,    ,,810,,1100,,売掛の入金　手数料売上,ホリ造形スタジオ,,
2025/1/9,,,1112,普通預金,2,,    ,,810,,1142,売掛金,3001,,    ,,810,,3168,,売掛の入金　手数料売上,㈱あおば,,
2025/1/9,,,1112,普通預金,2,,    ,,810,,1142,売掛金,3191,,    ,,810,,5478,,売掛の入金　手数料売上,㈲ジョイフ,,
2025/1/10,,,1112,普通預金,2,,    ,,810,,1142,売掛金,2024,,    ,,810,,339185,,売掛の入金　手数料売上,環境オプティマル,,
2025/1/10,,,1112,普通預金,2,,    ,,810,,1142,売掛金,3213,,    ,,810,,18865,,売掛の入金　手数料売上,京浜予防医学研究所,,
2025/1/10,,,1112,普通預金,2,,    ,,810,,1142,売掛金,3053,,    ,,810,,27115,,売掛の入金　手数料売上,昇辰電気㈱,,
2025/1/10,,,1112,普通預金,2,,    ,,810,,1142,売掛金,3044,,    ,,810,,5621,,売掛の入金　手数料売上,三協エンジニアリング,,
2025/1/10,,,1112,普通預金,2,,    ,,810,,1142,売掛金,3043,,    ,,810,,6017,,売掛の入金　手数料売上,サニーサイド,,
2025/1/10,,,1112,普通預金,2,,    ,,810,,1142,売掛金,3182,,    ,,810,,14146,,売掛の入金　手数料売上,メイツ電子,,
2025/1/10,,,1112,普通預金,2,,    ,,810,,1142,売掛金,3024,,    ,,810,,6457,,売掛の入金　手数料売上,奥村動物病院,,
2025/1/10,,,1112,普通預金,2,,    ,,810,,1142,売掛金,3125,,    ,,810,,12298,,売掛の入金　手数料売上,海老民,,
2025/1/10,,,1112,普通預金,2,,    ,,810,,1142,売掛金,3081,,    ,,810,,14674,,売掛の入金　手数料売上,ニュータウン㈱,,
2025/1/10,,,6231,雑費,    ,,0,共通部門,511,10,1142,売掛金,3213,,    ,,810,,250,25,振込手数料,,,
2025/1/11,,,1112,普通預金,2,,    ,,810,,1142,売掛金,3113,,    ,,810,,1408,,売掛の入金　手数料売上,山口歯科医院,,
2025/1/11,,,1112,普通預金,2,,    ,,810,,1142,売掛金,3091,,    ,,810,,1309,,売掛の入金　手数料売上,美容室コパン,,
2025/1/12,,,1112,普通預金,2,,    ,,810,,1142,売掛金,3032,,    ,,810,,11055,,売掛の入金　手数料売上,クモイヒデキ,,
2025/1/13,,,1112,普通預金,2,,    ,,810,,1142,売掛金,3115,,    ,,810,,2354,,売掛の入金　手数料売上,百合丘ホーム,,
2025/1/14,,,1112,普通預金,2,,    ,,810,,1142,売掛金,3084,,    ,,810,,11506,,売掛の入金　手数料売上,ハヤシオウスケ,,
2025/1/14,,,1112,普通預金,2,,    ,,810,,1142,売掛金,3093,,    ,,810,,1727,,売掛の入金　手数料売上,プアカイナチュラルスペース,,
2025/1/14,,,1112,普通預金,2,,    ,,810,,1142,売掛金,3112,,    ,,810,,2618,,売掛の入金　手数料売上,やきとり山吹,,
2025/1/14,,,1112,普通預金,2,,    ,,810,,1142,売掛金,3099,,    ,,810,,4851,,売掛の入金　手数料売上,二子新地整骨院,,
2025/1/14,,,1112,普通預金,2,,    ,,810,,1142,売掛金,3190,,    ,,810,,5500,,売掛の入金　手数料売上,プラスワン京王稲田堤店,,
2025/1/15,,,1112,普通預金,2,,    ,,810,,1142,売掛金,1006,,    ,,810,,550,,売掛の入金　手数料売上,カトウマコト,,
2025/1/15,,,1112,普通預金,2,,    ,,810,,1142,売掛金,3030,,    ,,810,,3399,,売掛の入金　手数料売上,川崎建設,,
2025/1/15,,,1112,普通預金,2,,    ,,810,,1142,売掛金,3226,,    ,,810,,18700,,売掛の入金　手数料売上,嶺岡設備,,
2025/1/15,,,1112,普通預金,2,,    ,,810,,1142,売掛金,3025,,    ,,810,,6490,,売掛の入金　手数料売上,おさない電設㈱,,
2025/1/15,,,1112,普通預金,2,,    ,,810,,1142,売掛金,3209,,    ,,810,,8107,,売掛の入金　手数料売上,登戸ブレストケアクリニック,,
2025/1/15,,,1112,普通預金,2,,    ,,810,,1142,売掛金,3042,,    ,,810,,2816,,売掛の入金　手数料売上,さかい医院,,
2025/1/15,,,1112,普通預金,2,,    ,,810,,1142,売掛金,3051,,    ,,810,,36531,,売掛の入金　手数料売上,七五三寿司,,
2025/1/15,,,1112,普通預金,2,,    ,,810,,1142,売掛金,3129,,    ,,810,,5885,,売掛の入金　手数料売上,中華福林　エンドウ,,
2025/1/16,,,1112,普通預金,2,,    ,,810,,1142,売掛金,3165,,    ,,810,,4400,,売掛の入金　手数料売上,㈱リフト,,
2025/1/17,,,1112,普通預金,2,,    ,,810,,1142,売掛金,3031,,    ,,810,,9317,,売掛の入金　手数料売上,キュービクス,,
2025/1/17,,,1112,普通預金,2,,    ,,810,,1142,売掛金,3054,,    ,,810,,12320,,売掛の入金　手数料売上,㈲珠洲,,
2025/1/18,,,1112,普通預金,2,,    ,,810,,1142,売掛金,3056,,    ,,810,,16984,,売掛の入金　手数料売上,新富,,
2025/1/20,,,1112,普通預金,1,,    ,,810,,1142,売掛金,2047,,    ,,810,,125334,,売掛の入金　手数料売上,京浜総合病院,,
2025/1/20,,,1112,普通預金,2,,    ,,810,,1142,売掛金,3052,,    ,,810,,3586,,売掛の入金　手数料売上,㈱ジャクエツ,,
2025/1/20,,,1112,普通預金,2,,    ,,810,,1142,売掛金,2125,,    ,,810,,880,,売掛の入金　手数料売上,NECライベックス,,
2025/1/20,,,1112,普通預金,2,,    ,,810,,1142,売掛金,2543,,    ,,810,,36498,,売掛の入金　手数料売上,ブリヂストンタイヤソリューションジャパン,,
2025/1/20,,,1112,普通預金,2,,    ,,810,,1142,売掛金,3059,,    ,,810,,33935,,売掛の入金　手数料売上,ブリヂストンリテールジャパン,,
2025/1/20,,,1112,普通預金,2,,    ,,810,,1142,売掛金,2,,    ,,810,,340681,,売掛の入金　手数料売上,こづか㈱,,
2025/1/20,,,1112,普通預金,2,,    ,,810,,1142,売掛金,2,,    ,,810,,594000,,,こづか㈱,,
2025/1/20,,,1112,普通預金,2,,    ,,810,,1142,売掛金,3066,,    ,,810,,5720,,売掛の入金　手数料売上,多摩食事サービスかりん,,
2025/1/21,,,1112,普通預金,2,,    ,,810,,1142,売掛金,3097,,    ,,810,,39237,,売掛の入金　手数料売上,不二プラント工業,,
2025/1/21,,,1112,普通預金,2,,    ,,810,,1142,売掛金,34,,    ,,810,,2827,,売掛の入金　手数料売上,㈱シエスタ,,
2025/1/21,,,1112,普通預金,2,,    ,,810,,1142,売掛金,3134,,    ,,810,,6457,,売掛の入金　手数料売上,シバタ　ヒロアキ,,
2025/1/22,,,6220,支払手数料,    ,,0,共通部門,310,10,1142,売掛金,2047,,    ,,810,,800,80,振込手数料,,,
2025/1/22,,,1112,普通預金,2,,    ,,810,,1142,売掛金,39,,    ,,810,,7502,,売掛の入金　手数料売上,カメハチベーカリー,,
2025/1/22,,,1112,普通預金,2,,    ,,810,,1142,売掛金,3172,,    ,,810,,26510,,売掛の入金　手数料売上,㈱優和,,
2025/1/22,,,1112,普通預金,2,,    ,,810,,1142,売掛金,3120,,    ,,810,,6017,,売掛の入金　手数料売上,リィーサンク,,
2025/1/22,,,1112,普通預金,2,,    ,,810,,1142,売掛金,3026,,    ,,810,,17193,,売掛の入金　手数料売上,セトケンジ,,
2025/1/23,,,1112,普通預金,2,,    ,,810,,1142,売掛金,3022,,    ,,810,,1408,,売掛の入金　手数料売上,小笠原会計事務所,,
2025/1/24,,,1112,普通預金,2,,    ,,810,,1142,売掛金,2921,,    ,,810,,63800,,売掛の入金　手数料売上,日本動物高度医療センター,,
2025/1/24,,,1112,普通預金,2,,    ,,810,,1142,売掛金,3010,,    ,,810,,17446,,売掛の入金　手数料売上,井出紙工,,
2025/1/27,,,1112,普通預金,1,,    ,,810,,1142,売掛金,3173,,    ,,810,,3080,,売掛の入金　手数料売上,中部児童相談所,,
2025/1/27,,,1112,普通預金,1,,    ,,810,,1142,売掛金,3173,,    ,,810,,13200,,売掛の入金　手数料売上,中部児童相談所,,
2025/1/27,,,1112,普通預金,2,,    ,,810,,1142,売掛金,2026,,    ,,810,,1695210,,売掛の入金　手数料売上,三友商事,,
2025/1/27,,,1112,普通預金,2,,    ,,810,,1142,売掛金,3041,,    ,,810,,19338,,売掛の入金　手数料売上,亀ヶ谷モータース,,
2025/1/27,,,1112,普通預金,2,,    ,,810,,1142,売掛金,3095,,    ,,810,,9801,,売掛の入金　手数料売上,フェイス　スズキシゲオ,,
2025/1/27,,,1112,普通預金,2,,    ,,810,,1142,売掛金,3060,,    ,,810,,46684,,売掛の入金　手数料売上,太陽第一幼稚園,,
2025/1/27,,,1112,普通預金,2,,    ,,810,,1142,売掛金,3166,,    ,,810,,3377,,売掛の入金　手数料売上,㈱いっぽ,,
2025/1/27,,,1112,普通預金,2,,    ,,810,,1142,売掛金,3201,,    ,,810,,2200,,売掛の入金　手数料売上,オールマイト㈱,,
2025/1/27,,,1112,普通預金,2,,    ,,810,,1142,売掛金,3065,,    ,,810,,1518,,売掛の入金　手数料売上,田淵製作所,,
2025/1/27,,,1112,普通預金,2,,    ,,810,,1142,売掛金,3074,,    ,,810,,4917,,売掛の入金　手数料売上,ナインデンタルスタジオ,,
2025/1/27,,,1112,普通預金,2,,    ,,810,,1142,売掛金,3163,,    ,,810,,17721,,売掛の入金　手数料売上,宮崎華園,,
2025/1/28,,,1112,普通預金,1,,    ,,810,,1142,売掛金,3160,,    ,,810,,78100,,売掛の入金　手数料売上,川崎競馬組合,,
2025/1/28,,,1112,普通預金,2,,    ,,810,,1142,売掛金,3148,,    ,,810,,31724,,売掛の入金　手数料売上,中日本エクストール,,
2025/1/28,,,1112,普通預金,2,,    ,,810,,1142,売掛金,3096,,    ,,810,,13420,,売掛の入金　手数料売上,富士教材,,
2025/1/28,,,1112,普通預金,2,,    ,,810,,1142,売掛金,3137,,    ,,810,,16423,,売掛の入金　手数料売上,㈱SHUHEI,,
2025/1/28,,,1112,普通預金,2,,    ,,810,,1142,売掛金,3008,,    ,,810,,4158,,売掛の入金　手数料売上,板垣電子工業,,
2025/1/29,,,1112,普通預金,2,,    ,,810,,1142,売掛金,3158,,    ,,810,,7502,,売掛の入金　手数料売上,セキュリライフ,,
2025/1/29,,,1112,普通預金,2,,    ,,810,,1142,売掛金,3073,,    ,,810,,6459,,売掛の入金　手数料売上,東洋エレメント工業,,
2025/1/30,,,1112,普通預金,2,,    ,,810,,1142,売掛金,1014,,    ,,810,,8030,,売掛の入金　手数料売上,武蔵小杉エリアマネジメント,,
2025/1/30,,,1112,普通預金,2,,    ,,810,,1142,売掛金,3169,,    ,,810,,5621,,売掛の入金　手数料売上,やきとりおしどり　マツイヨシオ,,
2025/1/31,,,1142,売掛金,3,,    ,,810,,4106,委託料売上,    ,,3,川崎委託,110,10,8968168,896816,業務委託料,,,
2025/1/31,,,6220,支払手数料,    ,,0,共通部門,310,10,1142,売掛金,3034,,    ,,810,,255,25,振込手数料相殺,ひまわり高津つどい,,
2025/1/31,,,6220,支払手数料,    ,,0,共通部門,310,10,1142,売掛金,3126,,    ,,810,,600,60,振込手数料相殺,ﾒｯﾄﾞﾄﾗｽﾄ東京,,
2025/1/31,,,1112,普通預金,1,,    ,,810,,1142,売掛金,2010,,    ,,810,,16186,,売掛の入金　手数料売上,ラボラトリー㈱,,
2025/1/31,,,1112,普通預金,1,,    ,,810,,1142,売掛金,3,,    ,,810,,9864984,,売掛の入金　手数料売上,市収集計画,,
2025/1/31,,,1112,普通預金,1,,    ,,810,,1142,売掛金,2001,,    ,,810,,269500,,売掛の入金　手数料売上 2月入金で調整済み,J&T環境,,
2025/1/31,,,1112,普通預金,1,,    ,,810,,1142,売掛金,3200,,    ,,810,,165973,,売掛の入金　手数料売上,サティスファクトリー,,
2025/1/31,,,1112,普通預金,2,,    ,,810,,1142,売掛金,3045,,    ,,810,,35970,,売掛の入金　手数料売上,サンメディックス,,
2025/1/31,,,1112,普通預金,2,,    ,,810,,1142,売掛金,3049,,    ,,810,,8261,,売掛の入金　手数料売上,シティー企画工業,,
2025/1/31,,,1112,普通預金,2,,    ,,810,,1142,売掛金,3118,,    ,,810,,5621,,売掛の入金　手数料売上,ﾗｲﾌﾃｯｸ,,
2025/1/31,,,1112,普通預金,2,,    ,,810,,1142,売掛金,1,,    ,,810,,589050,,内部取引,㈲大興資源,,
2025/1/31,,,1112,普通預金,2,,    ,,810,,1142,売掛金,3098,,    ,,810,,16280,,売掛の入金　手数料売上,フジヤモデル,,
2025/1/31,,,1112,普通預金,2,,    ,,810,,1142,売掛金,3176,,    ,,810,,48180,,売掛の入金　手数料売上,エクサスソリューションズ,,
2025/1/31,,,1112,普通預金,2,,    ,,810,,1142,売掛金,3147,,    ,,810,,53218,,売掛の入金　手数料売上,ワンラインシステム,,
2025/1/31,,,1112,普通預金,2,,    ,,810,,1142,売掛金,1007,,    ,,810,,38060,,売掛の入金　手数料売上,ティーケープロジェクト,,
2025/1/31,,,1112,普通預金,2,,    ,,810,,1142,売掛金,3159,,    ,,810,,110000,,売掛の入金　手数料売上,カナイエンタープライズ,,
2025/1/31,,,1112,普通預金,2,,    ,,810,,1142,売掛金,3007,,    ,,810,,16863,,売掛の入金　手数料売上,ｲｰｽﾄｻｳﾝﾄﾞ,,
2025/1/31,,,1112,普通預金,2,,    ,,810,,1142,売掛金,3018,,    ,,810,,3300,,売掛の入金　手数料売上,荏原実業,,
2025/1/31,,,1112,普通預金,2,,    ,,810,,1142,売掛金,3106,,    ,,810,,62304,,売掛の入金　手数料売上,岬水産,,
2025/1/31,,,1112,普通預金,2,,    ,,810,,1142,売掛金,3204,,    ,,810,,33000,,売掛の入金　手数料売上,ティーエスエンバイロ,,
2025/1/31,,,1112,普通預金,2,,    ,,810,,1142,売掛金,3187,,    ,,810,,1980,,売掛の入金　手数料売上,グリーン調剤薬局,,
2025/1/31,,,1112,普通預金,2,,    ,,810,,1142,売掛金,1019,,    ,,810,,1650,,売掛の入金　手数料売上,川崎オキシトン,,
2025/1/31,,,1112,普通預金,2,,    ,,810,,1142,売掛金,3070,,    ,,810,,3300,,売掛の入金　手数料売上,ﾃｨｰｴﾑ設備工業,,
2025/1/31,,,1112,普通預金,2,,    ,,810,,1142,売掛金,3069,,    ,,810,,12320,,売掛の入金　手数料売上,ユニック産業（津田山製作所）,,
2025/1/31,,,1112,普通預金,2,,    ,,810,,1142,売掛金,3058,,    ,,810,,6578,,売掛の入金　手数料売上,大丸化工,,
2025/1/31,,,1112,普通預金,2,,    ,,810,,1142,売掛金,3028,,    ,,810,,54241,,売掛の入金　手数料売上,神奈川中央交通東,,
2025/1/31,,,1112,普通預金,2,,    ,,810,,1142,売掛金,33,,    ,,810,,6358,,売掛の入金　手数料売上,㈱グレードアップ,,
2025/1/31,,,1112,普通預金,2,,    ,,810,,1142,売掛金,35,,    ,,810,,36388,,売掛の入金　手数料売上,㈱ビーナス,,
2025/1/31,,,1112,普通預金,2,,    ,,810,,1142,売掛金,1011,,    ,,810,,4400,,売掛の入金　手数料売上,㈱いい食,,
2025/1/31,,,1112,普通預金,2,,    ,,810,,1142,売掛金,3079,,    ,,810,,8646,,売掛の入金　手数料売上,㈲日成工業,,
2025/1/31,,,1112,普通預金,2,,    ,,810,,1142,売掛金,3048,,    ,,810,,5621,,売掛の入金　手数料売上,㈱ジェーケービー,,
2025/1/31,,,1112,普通預金,2,,    ,,810,,1142,売掛金,3034,,    ,,810,,42246,,売掛の入金　手数料売上,長谷工シニアウェルデザイン,,
2025/1/31,,,1112,普通預金,2,,    ,,810,,1142,売掛金,3046,,    ,,810,,18777,,売掛の入金　手数料売上,賛友精機,,
2025/1/31,,,1112,普通預金,2,,    ,,810,,1142,売掛金,3011,,    ,,810,,36443,,売掛の入金　手数料売上,ｲﾉﾍﾞｲｼｮﾝｵﾌﾞﾒﾃﾞｨｶﾙｻｰﾋﾞｽ,,
2025/1/31,,,1112,普通預金,2,,    ,,810,,1142,売掛金,3131,,    ,,810,,89232,,売掛の入金　手数料売上,キンキショウジ,,
2025/1/31,,,1112,普通預金,2,,    ,,810,,1142,売掛金,3114,,    ,,810,,30206,,売掛の入金　手数料売上,エコミット,,
2025/1/31,,,1112,普通預金,2,,    ,,810,,1142,売掛金,3017,,    ,,810,,9097,,売掛の入金　手数料売上,英和工業,,
2025/1/31,,,1112,普通預金,2,,    ,,810,,1142,売掛金,3185,,    ,,810,,44000,,売掛の入金　手数料売上,愛生会,,
2025/1/31,,,1112,普通預金,2,,    ,,810,,1142,売掛金,1008,,    ,,810,,9350,,売掛の入金　手数料売上,エムコミュー,,
2025/1/31,,,1112,普通預金,2,,    ,,810,,1142,売掛金,1017,,    ,,810,,4400,,売掛の入金　手数料売上,エスエフインフォネット,,
2025/1/31,,,1112,普通預金,2,,    ,,810,,1142,売掛金,3170,,    ,,810,,7711,,売掛の入金　手数料売上,アースキッズ,,
2025/1/31,,,1112,普通預金,2,,    ,,810,,1142,売掛金,3126,,    ,,810,,66517,,売掛の入金　手数料売上,メッドトラスト東京,,
2025/1/31,,,1112,普通預金,2,,    ,,810,,1142,売掛金,3104,,    ,,810,,1309,,売掛の入金　手数料売上,ポピ美容室,,
2025/1/31,,,1142,売掛金,3172,,    ,,810,,4103,手数料売上,    ,,1,横浜,110,10,25290,2529,1月分 手数料売上,(株)優和,,
2025/1/31,,,1142,売掛金,3098,,    ,,810,,4103,手数料売上,    ,,1,横浜,110,10,15680,1568,1月分 手数料売上,ﾌｼﾞﾔﾓﾃﾞﾙ,,
2025/1/31,,,1142,売掛金,3103,,    ,,810,,4103,手数料売上,    ,,1,横浜,110,10,1000,100,1月分 手数料売上,(有)ホリ造形スタジオ,,
2025/1/31,,,1142,売掛金,3125,,    ,,810,,4103,手数料売上,    ,,1,横浜,110,10,11180,1118,1月分 手数料売上,㈲海老民,,
2025/1/31,,,1142,売掛金,3086,,    ,,810,,4103,手数料売上,    ,,1,横浜,110,10,5490,549,1月分 手数料売上,原田管理商会,,
2025/1/31,,,1142,売掛金,3044,,    ,,810,,4103,手数料売上,    ,,1,横浜,110,10,4920,492,1月分 手数料売上,三協ｴﾝｼﾞﾆｱﾘﾝｸﾞ,,
2025/1/31,,,1142,売掛金,3054,,    ,,810,,4103,手数料売上,    ,,1,横浜,110,10,10520,1052,1月分 手数料売上,㈲珠洲,,
2025/1/31,,,1142,売掛金,3003,,    ,,810,,4103,手数料売上,    ,,1,横浜,110,10,12200,1220,1月分 手数料売上,秋山商事,,
2025/1/31,,,1142,売掛金,3107,,    ,,810,,4103,手数料売上,    ,,1,横浜,110,10,1280,128,1月分 手数料売上,水谷建築設計事務所,,
2025/1/31,,,1142,売掛金,3069,,    ,,810,,4103,手数料売上,    ,,1,横浜,110,10,10740,1074,1月分 手数料売上,津田山製作所,,
2025/1/31,,,1142,売掛金,3079,,    ,,810,,4103,手数料売上,    ,,1,横浜,110,10,6020,602,1月分 手数料売上,日成工業,,
2025/1/31,,,1142,売掛金,3096,,    ,,810,,4103,手数料売上,    ,,1,横浜,110,10,18850,1885,1月分 手数料売上,富士教材,,
2025/1/31,,,1142,売掛金,3211,,    ,,810,,4103,手数料売上,    ,,1,横浜,110,10,5870,587,1月分 手数料売上,History元住吉店,,
2025/1/31,,,1142,売掛金,2001,,    ,,810,,4103,手数料売上,    ,,1,横浜,110,10,248020,24802,1月分 手数料売上,J&T環境,,
2025/1/31,,,1142,売掛金,2126,,    ,,810,,4103,手数料売上,    ,,1,横浜,110,10,20000,2000,1月分 手数料売上,NECｸﾞﾘｰﾝｽｲﾐﾝｸﾞｸﾗﾌﾞ玉川,,
2025/1/31,,,1142,売掛金,3158,,    ,,810,,4103,手数料売上,    ,,1,横浜,110,10,7200,720,1月分 手数料売上,NPO　SSS,,
2025/1/31,,,1142,売掛金,1014,,    ,,810,,4103,手数料売上,    ,,1,横浜,110,10,500,50,1月分 手数料売上,小杉駅周辺エリアマネ,,
2025/1/31,,,1142,売掛金,3043,,    ,,810,,4103,手数料売上,    ,,1,横浜,110,10,5470,547,1月分 手数料売上,sunnyこどもｸﾘﾆｯｸ,,
2025/1/31,,,1142,売掛金,1007,,    ,,810,,4103,手数料売上,    ,,1,横浜,110,10,1000,100,1月分 手数料売上,TKプロジェクト,,
2025/1/31,,,1142,売掛金,1002,,    ,,810,,4103,手数料売上,    ,,1,横浜,110,10,5800,580,1月分 手数料売上,ｱﾘｽﾗｯｼｭ,,
2025/1/31,,,1142,売掛金,3185,,    ,,810,,4103,手数料売上,    ,,1,横浜,110,10,40000,4000,1月分 手数料売上,有馬病院,,
2025/1/31,,,1142,売掛金,3166,,    ,,810,,4103,手数料売上,    ,,1,横浜,110,10,2520,252,1月分 手数料売上,いっぽ　百合ヶ丘,,
2025/1/31,,,1142,売掛金,3013,,    ,,810,,4103,手数料売上,    ,,1,横浜,110,10,1380,138,1月分 手数料売上,ｲﾏｰｼﾞｱｸﾄ南加瀬,,
2025/1/31,,,1142,売掛金,3020,,    ,,810,,4103,手数料売上,    ,,1,横浜,110,10,1190,119,1月分 手数料売上,ｴﾝﾃﾞ美容室,,
2025/1/31,,,1142,売掛金,3201,,    ,,810,,4103,手数料売上,    ,,1,横浜,110,10,2000,200,1月分 手数料売上,オールマイト㈱,,
2025/1/31,,,1142,売掛金,3029,,    ,,810,,4103,手数料売上,    ,,1,横浜,110,10,11260,1126,1月分 手数料売上,カフェ　ド　シュロ,,
2025/1/31,,,1142,売掛金,2011,,    ,,810,,4103,手数料売上,    ,,1,横浜,110,10,23600,2360,1月分 手数料売上,リーズジャパン,,
2025/1/31,,,1142,売掛金,3032,,    ,,810,,4103,手数料売上,    ,,1,横浜,110,10,8340,834,1月分 手数料売上,くもい歯科ｸﾘﾆｸ,,
2025/1/31,,,1142,売掛金,3187,,    ,,810,,4103,手数料売上,    ,,1,横浜,110,10,1800,180,1月分 手数料売上,グリーン調剤薬局,,
2025/1/31,,,1142,売掛金,2047,,    ,,810,,4103,手数料売上,    ,,1,横浜,110,10,126660,12666,1月分 手数料売上,京浜総合病院,,
2025/1/31,,,1142,売掛金,2047,,    ,,810,,4103,手数料売上,    ,,1,横浜,110,10,57110,5711,1月分 手数料売上,京浜総合病院,,
2025/1/31,,,1142,売掛金,3041,,    ,,810,,4103,手数料売上,    ,,1,横浜,110,10,15340,1534,1月分 手数料売上,ｺﾊﾞｯｸ亀ヶ谷ﾓｰﾀｰｽ,,
2025/1/31,,,1142,売掛金,1011,,    ,,810,,4103,手数料売上,    ,,1,横浜,110,10,4500,450,1月分 手数料売上,こぱんはうすさくら久,,
2025/1/31,,,1142,売掛金,3042,,    ,,810,,4103,手数料売上,    ,,1,横浜,110,10,1280,128,1月分 手数料売上,さかい医院,,
2025/1/31,,,1142,売掛金,3045,,    ,,810,,4103,手数料売上,    ,,1,横浜,110,10,28770,2877,1月分 手数料売上,ｻﾝﾒﾃﾞｨｯｸｽ,,
2025/1/31,,,1142,売掛金,3049,,    ,,810,,4103,手数料売上,    ,,1,横浜,110,10,4850,485,1月分 手数料売上,ｼﾃｨｰ企画工業,,
2025/1/31,,,1142,売掛金,3170,,    ,,810,,4103,手数料売上,    ,,1,横浜,110,10,5300,530,1月分 手数料売上,スタジオそら,,
2025/1/31,,,1142,売掛金,1003,,    ,,810,,4103,手数料売上,    ,,1,横浜,110,10,2000,200,1月分 手数料売上,スナック千恵,,
2025/1/31,,,1142,売掛金,1017,,    ,,810,,4103,手数料売上,    ,,1,横浜,110,10,4000,400,1月分 手数料売上,ｾﾝﾄﾗﾙ薬局,,
2025/1/31,,,1142,売掛金,3065,,    ,,810,,4103,手数料売上,    ,,1,横浜,110,10,1570,157,1月分 手数料売上,(株)田淵製作所,,
2025/1/31,,,1142,売掛金,3204,,    ,,810,,4103,手数料売上,    ,,1,横浜,110,10,30000,3000,1月分 手数料売上,ティーエスエンバイロ㈱,,
2025/1/31,,,1142,売掛金,3070,,    ,,810,,4103,手数料売上,    ,,1,横浜,110,10,3000,300,1月分 手数料売上,ﾃｨｰｴﾑ設備工業,,
2025/1/31,,,1142,売掛金,2921,,    ,,810,,4103,手数料売上,    ,,1,横浜,110,10,58000,5800,1月分 手数料売上,日本動物高度医療センター,,
2025/1/31,,,1142,売掛金,3081,,    ,,810,,4103,手数料売上,    ,,1,横浜,110,10,12580,1258,1月分 手数料売上,ﾆｭｰﾀｳﾝ㈱鷺沼店,,
2025/1/31,,,1142,売掛金,3209,,    ,,810,,4103,手数料売上,    ,,1,横浜,110,10,5680,568,1月分 手数料売上,登戸ブレスケアクリニック,,
2025/1/31,,,1142,売掛金,3165,,    ,,810,,4103,手数料売上,    ,,1,横浜,110,10,8000,800,1月分 手数料売上,ハウスクリニック,,
2025/1/31,,,1142,売掛金,3034,,    ,,810,,4103,手数料売上,    ,,1,横浜,110,10,39810,3981,1月分 手数料売上,ひまわり高津つどいの,,
2025/1/31,,,1142,売掛金,3093,,    ,,810,,4103,手数料売上,    ,,1,横浜,110,10,1570,157,1月分 手数料売上,ﾌﾟｱｶｲ,,
2025/1/31,,,1142,売掛金,3095,,    ,,810,,4103,手数料売上,    ,,1,横浜,110,10,9100,910,1月分 手数料売上,ﾌｪｲｽ,,
2025/1/31,,,1142,売掛金,3100,,    ,,810,,4103,手数料売上,    ,,1,横浜,110,10,5560,556,1月分 手数料売上,フラワーショップまき,,
2025/1/31,,,1142,売掛金,3134,,    ,,810,,4103,手数料売上,    ,,1,横浜,110,10,6060,606,1月分 手数料売上,ﾌﾛｰﾗﾙ夢木香,,
2025/1/31,,,1142,売掛金,3131,,    ,,810,,4103,手数料売上,    ,,1,横浜,110,10,72330,7233,1月分 手数料売上,べったこ物流,,
2025/1/31,,,1142,売掛金,3109,,    ,,810,,4103,手数料売上,    ,,1,横浜,110,10,3060,306,1月分 手数料売上,ﾒｶﾞﾈｽﾄｱ-武蔵中原店 ㈲大興資源へ請求,,
2025/1/31,,,1142,売掛金,3169,,    ,,810,,4103,手数料売上,    ,,1,横浜,110,10,5110,511,1月分 手数料売上,やきとりおしどり,,
2025/1/31,,,1142,売掛金,3112,,    ,,810,,4103,手数料売上,    ,,1,横浜,110,10,2380,238,1月分 手数料売上,やきとり山吹,,
2025/1/31,,,1142,売掛金,3210,,    ,,810,,4103,手数料売上,    ,,1,横浜,110,10,12000,1200,1月分 手数料売上 未入金,㈲新光コーポレーション,,
2025/1/31,,,1142,売掛金,3114,,    ,,810,,4103,手数料売上,    ,,1,横浜,110,10,24990,2499,1月分 手数料売上,ﾕｰｽﾞﾚｯﾄ元住吉,,
2025/1/31,,,1142,売掛金,3118,,    ,,810,,4103,手数料売上,    ,,1,横浜,110,10,5110,511,1月分 手数料売上,ﾗｲﾌﾃｯｸ,,
2025/1/31,,,1142,売掛金,2010,,    ,,810,,4103,手数料売上,    ,,1,横浜,110,10,15635,1563,1月分 手数料売上,ラボラトリー,,
2025/1/31,,,1142,売掛金,3119,,    ,,810,,4103,手数料売上,    ,,1,横浜,110,10,6250,625,1月分 手数料売上,ﾗﾝﾄﾞﾗﾝﾄﾞﾘｰ　ﾗﾝﾄﾞﾗﾝﾄﾞﾘｰ読売ﾗﾝﾄﾞ店,,
2025/1/31,,,1142,売掛金,3120,,    ,,810,,4103,手数料売上,    ,,1,横浜,110,10,5190,519,1月分 手数料売上,ﾘｨｰｻﾝｸ,,
2025/1/31,,,1142,売掛金,1004,,    ,,810,,4103,手数料売上,    ,,1,横浜,110,10,2900,290,1月分 手数料売上,リタリコ　ジュニア,,
2025/1/31,,,1142,売掛金,3018,,    ,,810,,4103,手数料売上,    ,,1,横浜,110,10,4500,450,1月分 手数料売上,荏原実業,,
2025/1/31,,,1142,売掛金,3018,,    ,,810,,4103,手数料売上,    ,,1,横浜,110,10,1500,150,1月分 手数料売上,荏原実業,,
2025/1/31,,,1142,売掛金,3017,,    ,,810,,4103,手数料売上,    ,,1,横浜,110,10,150000,15000,1月分 手数料売上,英和工業,,
2025/1/31,,,1142,売掛金,3024,,    ,,810,,4103,手数料売上,    ,,1,横浜,110,10,5870,587,1月分 手数料売上,奥村動物病院,,
2025/1/31,,,1142,売掛金,3026,,    ,,810,,4103,手数料売上,    ,,1,横浜,110,10,14110,1411,1月分 手数料売上,海鮮居酒屋　檸檬,,
2025/1/31,,,1142,売掛金,3047,,    ,,810,,4103,手数料売上,    ,,1,横浜,110,10,1500,150,1月分 手数料売上,(株)ＧＮＥ,,
2025/1/31,,,1142,売掛金,3048,,    ,,810,,4103,手数料売上,    ,,1,横浜,110,10,5490,549,1月分 手数料売上,JKB,,
2025/1/31,,,1142,売掛金,3192,,    ,,810,,4103,手数料売上,    ,,1,横浜,110,10,5000,500,1月分 手数料売上 未入金,㈱NTプラス,,
2025/1/31,,,1142,売掛金,3137,,    ,,810,,4103,手数料売上,    ,,1,横浜,110,10,13020,1302,1月分 手数料売上,SHUHEI,,
2025/1/31,,,1142,売掛金,3207,,    ,,810,,4103,手数料売上,    ,,1,横浜,110,10,13600,1360,1月分 手数料売上,㈱ｱﾗｲﾝ,,
2025/1/31,,,1142,売掛金,3007,,    ,,810,,4103,手数料売上,    ,,1,横浜,110,10,13200,1320,1月分 手数料売上,ｲｰｽﾄｻｳﾝﾄﾞ,,
2025/1/31,,,1142,売掛金,3011,,    ,,810,,4103,手数料売上,    ,,1,横浜,110,10,32340,3234,1月分 手数料売上,ｲﾉﾍﾞｲｼｮﾝｵﾌﾞﾒﾃﾞｨｶﾙｻｰﾋ,,
2025/1/31,,,1142,売掛金,3159,,    ,,810,,4103,手数料売上,    ,,1,横浜,110,10,100000,10000,1月分 手数料売上,株式会社カナイエンタ,,
2025/1/31,,,6220,支払手数料,    ,,0,共通部門,310,10,1142,売掛金,3200,,    ,,810,,600,60,振込手数料,,,
2025/1/31,,,1142,売掛金,3200,,    ,,810,,4103,手数料売上,    ,,1,横浜,110,10,151485,15148,1月分 手数料売上,㈱サティスファクトリーBPO本部運用管理部,,
2025/1/31,,,1142,売掛金,3052,,    ,,810,,4103,手数料売上,    ,,1,横浜,110,10,3280,328,1月分 手数料売上,ｼﾞｬｸｴﾂ,,
2025/1/31,,,1142,売掛金,3205,,    ,,810,,4103,手数料売上,    ,,1,横浜,110,10,18000,1800,1月分 手数料売上,㈱ジャパンプロセス,,
2025/1/31,,,1142,売掛金,3059,,    ,,810,,4103,手数料売上,    ,,1,横浜,110,10,26250,2625,1月分 手数料売上,ﾀｲﾔ館京浜高津,,
2025/1/31,,,1142,売掛金,3182,,    ,,810,,4103,手数料売上,    ,,1,横浜,110,10,12270,1227,1月分 手数料売上,㈱メイツ電子,,
2025/1/31,,,1142,売掛金,3126,,    ,,810,,4103,手数料売上,    ,,1,横浜,110,10,57690,5769,1月分 手数料売上,㈱ﾒｯﾄﾞﾄﾗｽﾄ東京,,
2025/1/31,,,1142,売掛金,3147,,    ,,810,,4103,手数料売上,    ,,1,横浜,110,10,46630,4663,1月分 手数料売上,ワンラインシステム,,
2025/1/31,,,1142,売掛金,3010,,    ,,810,,4103,手数料売上,    ,,1,横浜,110,10,11830,1183,1月分 手数料売上,井出紙工,,
2025/1/31,,,1142,売掛金,2024,,    ,,810,,4103,手数料売上,    ,,1,横浜,110,10,260700,26070,1月分 手数料売上,環境ｵﾌﾟﾃｨﾏﾙ,,
2025/1/31,,,1142,売掛金,3163,,    ,,810,,4103,手数料売上,    ,,1,横浜,110,10,16300,1630,1月分 手数料売上,宮崎華園,,
2025/1/31,,,1142,売掛金,1008,,    ,,810,,4103,手数料売上,    ,,1,横浜,110,10,8500,850,1月分 手数料売上,溝の口オフィス,,
2025/1/31,,,1142,売掛金,3108,,    ,,810,,4103,手数料売上,    ,,1,横浜,110,10,1700,170,1月分 手数料売上,溝ノ口製麺渡辺商店,,
2025/1/31,,,1142,売掛金,3031,,    ,,810,,4103,手数料売上,    ,,1,横浜,110,10,8470,847,1月分 手数料売上,ｷｭｰﾋﾞｯｸｽ,,
2025/1/31,,,1142,売掛金,2026,,    ,,810,,4103,手数料売上,    ,,1,横浜,110,10,559800,55980,1月分 手数料売上,三友商事,,
2025/1/31,,,1142,売掛金,3046,,    ,,810,,4103,手数料売上,    ,,1,横浜,110,10,15910,1591,1月分 手数料売上,賛友精機,,
2025/1/31,,,1142,売掛金,3051,,    ,,810,,4103,手数料売上,    ,,1,横浜,110,10,35130,3513,1月分 手数料売上,七五三寿司,,
2025/1/31,,,1142,売掛金,3053,,    ,,810,,4103,手数料売上,    ,,1,横浜,110,10,24320,2432,1月分 手数料売上,昇辰電気,,
2025/1/31,,,1142,売掛金,3056,,    ,,810,,4103,手数料売上,    ,,1,横浜,110,10,12970,1297,1月分 手数料売上,新富,,
2025/1/31,,,1142,売掛金,3028,,    ,,810,,4103,手数料売上,    ,,1,横浜,110,10,51190,5119,1月分 手数料売上,神奈川中央交通東,,
2025/1/31,,,1142,売掛金,3030,,    ,,810,,4103,手数料売上,    ,,1,横浜,110,10,3090,309,1月分 手数料売上,川崎建設,,
2025/1/31,,,1142,売掛金,3066,,    ,,810,,4103,手数料売上,    ,,1,横浜,110,10,5110,511,1月分 手数料売上,多摩食事ｻｰﾋﾞｽかりん,,
2025/1/31,,,1142,売掛金,3060,,    ,,810,,4103,手数料売上,    ,,1,横浜,110,10,29820,2982,1月分 手数料売上,太陽第一幼稚園,,
2025/1/31,,,1142,売掛金,3058,,    ,,810,,4103,手数料売上,    ,,1,横浜,110,10,1560,156,1月分 手数料売上,大丸化工,,
2025/1/31,,,1142,売掛金,3129,,    ,,810,,4103,手数料売上,    ,,1,横浜,110,10,5300,530,1月分 手数料売上,中華福林,,
2025/1/31,,,1142,売掛金,3148,,    ,,810,,4103,手数料売上,    ,,1,横浜,110,10,30740,3074,1月分 手数料売上,中日本ｴｸｽﾄｰﾙ,,
2025/1/31,,,1142,売掛金,3073,,    ,,810,,4103,手数料売上,    ,,1,横浜,110,10,5082,508,1月分 手数料売上,東洋ｴﾚﾒﾝﾄ工業㈱,,
2025/1/31,,,1142,売掛金,3099,,    ,,810,,4103,手数料売上,    ,,1,横浜,110,10,4470,447,1月分 手数料売上,二子新地整骨院,,
2025/1/31,,,1142,売掛金,1012,,    ,,810,,4103,手数料売上,    ,,1,横浜,110,10,8500,850,1月分 手数料売上,美・デザイン ㈲大興資源へ請求,,
2025/1/31,,,1142,売掛金,3091,,    ,,810,,4103,手数料売上,    ,,1,横浜,110,10,1190,119,1月分 手数料売上,美容室コパン,,
2025/1/31,,,1142,売掛金,3097,,    ,,810,,4103,手数料売上,    ,,1,横浜,110,10,24540,2454,1月分 手数料売上,不二ﾌﾟﾗﾝﾄ工業㈱,,
2025/1/31,,,1142,売掛金,3106,,    ,,810,,4103,手数料売上,    ,,1,横浜,110,10,54360,5436,1月分 手数料売上,岬水産,,
2025/1/31,,,1142,売掛金,3196,,    ,,810,,4103,手数料売上,    ,,1,横浜,110,10,7440,744,1月分 手数料売上,㈲ビービーカンパニー,,
2025/1/31,,,1142,売掛金,3084,,    ,,810,,4103,手数料売上,    ,,1,横浜,110,10,6440,644,1月分 手数料売上,林整形外科,,
2025/1/31,,,1142,売掛金,2543,,    ,,810,,4103,手数料売上,    ,,1,横浜,110,10,33180,3318,1月分 手数料売上,ブリヂストンタイヤソリューションジャパン,,
2025/1/31,,,1142,売掛金,35,,    ,,810,,4103,手数料売上,    ,,1,横浜,110,10,30190,3019,1月分 手数料売上,リハフロンティア株式,,
2025/1/31,,,1142,売掛金,2126,,    ,,810,,4103,手数料売上,    ,,1,横浜,110,10,20000,2000,1月分 手数料売上,NECｸﾞﾘｰﾝｽｲﾐﾝｸﾞｸﾗﾌﾞ玉川,,
2025/1/31,,,1142,売掛金,34,,    ,,810,,4103,手数料売上,    ,,1,横浜,110,10,1190,119,1月分 手数料売上 未回収,㈱siesta,,
2025/1/31,,,1142,売掛金,33,,    ,,810,,4103,手数料売上,    ,,1,横浜,110,10,2780,278,1月分 手数料売上,㈱Gradeup,,
2025/1/31,,,1142,売掛金,39,,    ,,810,,4103,手数料売上,    ,,1,横浜,110,10,9660,966,1月分 手数料売上,ｶﾒﾊﾁﾍﾞｰｶﾘｰ,,
2025/1/31,,,1142,売掛金,3227,,    ,,810,,4103,手数料売上,    ,,1,横浜,110,10,1500,150,1月分 手数料売上,登戸駅前地区市街地再開発組合,,
2025/1/31,,,9999,諸口,    ,,    ,,810,,1142,売掛金,3086,,    ,,810,,6666,,売掛の入金　手数料売上,㈲原田管理商会,,
2025/1/31,,,9999,諸口,    ,,    ,,810,,1142,売掛金,3119,,    ,,810,,7084,,売掛の入金　手数料売上,㈲原田管理商会,,
2025/1/31,,,9999,諸口,    ,,    ,,810,,1142,売掛金,3029,,    ,,810,,14476,,売掛の入金　手数料売上,㈲原田管理商会,,
2025/1/31,,,1142,売掛金,3160,,    ,,810,,4103,手数料売上,    ,,1,横浜,110,10,71000,7100,1月分　手数料売上,川崎競馬組合,,
2025/1/31,,,1112,普通預金,2,,    ,,810,,1142,売掛金,3179,,    ,,810,,8426,,売掛の入金　手数料売上,㈱ロクマル,,
2025/1/31,,,1142,売掛金,2,,    ,,810,,4102,作業料売上　ｺﾂﾞｶ㈱,    ,,1,横浜,110,10,180000,18000,こづか事務手数料（千葉さん・的場さん）,こづか㈱,,
2025/1/31,,,1142,売掛金,1,,    ,,810,,4101,作業料売上　㈲大興資源,    ,,1,横浜,110,10,530000,53000,廃棄物収集請負,㈲大興資源,,
2025/1/31,,,1142,売掛金,1,,    ,,810,,1142,売掛金,1012,,    ,,810,,8800,,㈲大興資源へ入金された,,,
2025/1/31,,,1142,売掛金,1,,    ,,810,,1142,売掛金,1003,,    ,,810,,2200,,㈲大興資源へ入金された,,,
2025/1/31,,,1142,売掛金,1,,    ,,810,,1142,売掛金,3109,,    ,,810,,3432,,㈲大興資源へ入金された,,,
2025/1/31,,,1142,売掛金,2,,    ,,810,,4105,商品売上,    ,,1,横浜,110,10,277948,27794,手数料売上　こづか㈱,こづか㈱,,
2025/1/31,,,1142,売掛金,3173,,    ,,810,,4103,手数料売上,    ,,1,横浜,110,10,15200,1520,1月分 手数料売上,川崎市中部児童相談所,,
2025/1/31,,,1142,売掛金,1,,    ,,810,,1142,売掛金,3109,,    ,,810,,3432,,㈲大興資源へ入金された,,,
2025/2/3,,,1101,現金,    ,,    ,,810,,1142,売掛金,3108,,    ,,810,,1870,,,㈲溝の口製麺渡辺商店,,
2025/2/5,,,1112,普通預金,1,,    ,,810,,1142,売掛金,3207,,    ,,810,,14575,,売掛の入金　手数料売上,アライン,,
2025/2/5,,,1112,普通預金,2,,    ,,810,,1142,売掛金,3024,,    ,,810,,6457,,売掛の入金　手数料売上,奥村動物病院,,
2025/2/5,,,1112,普通預金,2,,    ,,810,,1142,売掛金,3084,,    ,,810,,7084,,売掛の入金　手数料売上,ハヤシオウスケ,,
2025/2/5,,,1112,普通預金,2,,    ,,810,,1142,売掛金,3210,,    ,,810,,13200,,売掛の入金　手数料売上,新光コーポレーション,,
2025/2/5,,,1112,普通預金,2,,    ,,810,,1142,売掛金,39,,    ,,810,,10626,,売掛の入金　手数料売上,カメハチベーカリー　オオクボ,,
2025/2/5,,,6231,雑費,    ,,0,共通部門,511,10,1142,売掛金,3207,,    ,,810,,350,35,振込手数料,,,
2025/2/6,,,1112,普通預金,2,,    ,,810,,1142,売掛金,3182,,    ,,810,,13497,,売掛の入金　手数料売上,メイツ電子,,
2025/2/6,,,1112,普通預金,2,,    ,,810,,1142,売掛金,3209,,    ,,810,,6248,,売掛の入金　手数料売上,ツチヤセイコ,,
2025/2/6,,,1112,普通預金,2,,    ,,810,,1142,売掛金,3042,,    ,,810,,1408,,売掛の入金　手数料売上,さかい医院,,
2025/2/6,,,1112,普通預金,2,,    ,,810,,1142,売掛金,3091,,    ,,810,,1309,,売掛の入金　手数料売上,美容室コパン,,
2025/2/6,,,1112,普通預金,2,,    ,,810,,1142,売掛金,3125,,    ,,810,,12298,,売掛の入金　手数料売上,海老民,,
2025/2/7,,,1112,普通預金,2,,    ,,810,,1142,売掛金,3013,,    ,,810,,4763,,売掛の入金　手数料売上,イマージアクト,,
2025/2/7,,,1112,普通預金,2,,    ,,810,,1142,売掛金,3031,,    ,,810,,9317,,売掛の入金　手数料売上,キュービクス,,
2025/2/7,,,1112,普通預金,2,,    ,,810,,1142,売掛金,3043,,    ,,810,,6017,,売掛の入金　手数料売上,サニーサイド,,
2025/2/7,,,1112,普通預金,2,,    ,,810,,1142,売掛金,3205,,    ,,810,,19800,,売掛の入金　手数料売上,ジャパンプロセス,,
2025/2/7,,,1112,普通預金,2,,    ,,810,,1142,売掛金,3112,,    ,,810,,2618,,売掛の入金　手数料売上,やきとり山吹,,
2025/2/7,,,1112,普通預金,2,,    ,,810,,1142,売掛金,3120,,    ,,810,,5709,,売掛の入金　手数料売上,リィーサンク,,
2025/2/8,,,1112,普通預金,2,,    ,,810,,1142,売掛金,3103,,    ,,810,,1100,,売掛の入金　手数料売上,ホリ造形スタジオ,,
2025/2/9,,,1112,普通預金,2,,    ,,810,,1142,売掛金,3032,,    ,,810,,9174,,売掛の入金　手数料売上,クモイヒデキ,,
2025/2/10,,,6220,支払手数料,    ,,0,共通部門,310,10,1142,売掛金,2024,,    ,,810,,350,35,振込手数料相殺,環境オプティマル,,
2025/2/10,,,1112,普通預金,2,,    ,,810,,1142,売掛金,2024,,    ,,810,,319935,,売掛の入金　手数料売上,環境オプティマル,,
2025/2/10,,,1112,普通預金,2,,    ,,810,,1142,売掛金,3044,,    ,,810,,5412,,売掛の入金　手数料売上,三協エンジニアリング,,
2025/2/10,,,1112,普通預金,2,,    ,,810,,1142,売掛金,3213,,    ,,810,,63657,,売掛の入金　手数料売上,京浜予防医学研究所,,
2025/2/10,,,1112,普通預金,2,,    ,,810,,1142,売掛金,3100,,    ,,810,,6116,,売掛の入金　手数料売上,フラワーショップまきば,,
2025/2/10,,,1112,普通預金,2,,    ,,810,,1142,売掛金,3097,,    ,,810,,26994,,売掛の入金　手数料売上,不二プラント工業,,
2025/2/10,,,1112,普通預金,2,,    ,,810,,1142,売掛金,3053,,    ,,810,,26092,,売掛の入金　手数料売上,昇辰電気㈱,,
2025/2/10,,,1112,普通預金,2,,    ,,810,,1142,売掛金,3081,,    ,,810,,13838,,売掛の入金　手数料売上,ニュータウン㈱,,
2025/2/10,,,1112,普通預金,2,,    ,,810,,1142,売掛金,3066,,    ,,810,,5621,,売掛の入金　手数料売上,多摩食事サービス,,
2025/2/10,,,6231,雑費,    ,,0,共通部門,511,10,1142,売掛金,3213,,    ,,810,,400,40,振込手数料,,,
2025/2/12,,,1112,普通預金,2,,    ,,810,,1142,売掛金,3020,,    ,,810,,1309,,売掛の入金　手数料売上,エンデ美容室,,
2025/2/14,,,1112,普通預金,2,,    ,,810,,1142,売掛金,3148,,    ,,810,,33814,,売掛の入金　手数料売上,中日本エクストール,,
2025/2/14,,,1112,普通預金,2,,    ,,810,,1142,売掛金,2,,    ,,810,,305742,,売掛の入金　手数料売上,こづか㈱,,
2025/2/14,,,1112,普通預金,2,,    ,,810,,1142,売掛金,3099,,    ,,810,,4917,,売掛の入金　手数料売上,二子新地整骨院,,
2025/2/14,,,1112,普通預金,2,,    ,,810,,1142,売掛金,3003,,    ,,810,,13420,,売掛の入金　手数料売上,秋山商事,,
2025/2/14,,,1112,普通預金,2,,    ,,810,,1142,売掛金,3129,,    ,,810,,5830,,売掛の入金　手数料売上,中華福林　エンドウ,,
2025/2/15,,,1112,普通預金,2,,    ,,810,,1142,売掛金,3026,,    ,,810,,15521,,売掛の入金　手数料売上,セトケンジ,,
2025/2/16,,,1112,普通預金,2,,    ,,810,,1142,売掛金,3093,,    ,,810,,1727,,売掛の入金　手数料売上,プアカイナチュラル,,
2025/2/17,,,1112,普通預金,2,,    ,,810,,1142,売掛金,3052,,    ,,810,,3608,,売掛の入金　手数料売上,ジャクエツ,,
2025/2/17,,,1112,普通預金,2,,    ,,810,,1142,売掛金,3030,,    ,,810,,3399,,売掛の入金　手数料売上,川崎建設,,
2025/2/17,,,1112,普通預金,2,,    ,,810,,1142,売掛金,3051,,    ,,810,,38643,,売掛の入金　手数料売上,七五三寿司,,
2025/2/17,,,1112,普通預金,2,,    ,,810,,1142,売掛金,3096,,    ,,810,,20735,,売掛の入金　手数料売上,富士教材,,
2025/2/17,,,1112,普通預金,2,,    ,,810,,1142,売掛金,3056,,    ,,810,,14267,,売掛の入金　手数料売上,新富,,
2025/2/18,,,1112,普通預金,2,,    ,,810,,1142,売掛金,3054,,    ,,810,,11572,,売掛の入金　手数料売上,珠洲,,
2025/2/18,,,1112,普通預金,2,,    ,,810,,1142,売掛金,3099,,    ,,810,,7227,,売掛の入金　手数料売上　11月分,二子新地整骨院,,
2025/2/19,,,1112,普通預金,2,,    ,,810,,1142,売掛金,3192,,    ,,810,,42955,,売掛の入金　手数料売上,㈱NTプラス,,
2025/2/20,,,1112,普通預金,2,,    ,,810,,1142,売掛金,2543,,    ,,810,,36498,,売掛の入金　手数料売上,ブリヂストンタイヤソリューションジャパン,,
2025/2/20,,,1112,普通預金,2,,    ,,810,,1142,売掛金,2126,,    ,,810,,22000,,売掛の入金　手数料売上,NECライベックス,,
2025/2/20,,,1112,普通預金,2,,    ,,810,,1142,売掛金,3059,,    ,,810,,28875,,売掛の入金　手数料売上,ブリヂストンリテールジャパン,,
2025/2/20,,,1112,普通預金,2,,    ,,810,,1142,売掛金,3172,,    ,,810,,27819,,売掛の入金　手数料売上　1月分,㈱優和,,
2025/2/20,,,1112,普通預金,2,,    ,,810,,1142,売掛金,3172,,    ,,810,,24992,,売掛の入金　手数料売上　10月分,㈱優和,,
2025/2/20,,,1112,普通預金,1,,    ,,810,,1142,売掛金,2047,,    ,,810,,138446,,売掛の入金　手数料売上,京浜総合病院,,
2025/2/20,,,6220,支払手数料,    ,,0,共通部門,310,10,1142,売掛金,2047,,    ,,810,,800,80,振込手数料,,,
2025/2/21,,,1112,普通預金,2,,    ,,810,,1142,売掛金,3073,,    ,,810,,5590,,売掛の入金　手数料売上,東洋エレメント工業㈱,,
2025/2/21,,,1112,普通預金,2,,    ,,810,,1142,売掛金,3176,,    ,,810,,69300,,売掛の入金　手数料売上,㈱エクサスソリューションズ,,
2025/2/21,,,1112,普通預金,2,,    ,,810,,1142,売掛金,3010,,    ,,810,,13013,,売掛の入金　手数料売上,井出紙工,,
2025/2/24,,,1112,普通預金,2,,    ,,810,,1142,売掛金,3134,,    ,,810,,6666,,売掛の入金　手数料売上,シバタヒロアキ,,
2025/2/25,,,1112,普通預金,2,,    ,,810,,1142,売掛金,3065,,    ,,810,,1727,,売掛の入金　手数料売上,田淵製作所,,
2025/2/25,,,1112,普通預金,2,,    ,,810,,1142,売掛金,3158,,    ,,810,,7920,,売掛の入金　手数料売上,トクヒ）セキュリライフ,,
2025/2/25,,,1112,普通預金,2,,    ,,810,,1142,売掛金,3041,,    ,,810,,16874,,売掛の入金　手数料売上,亀ヶ谷モータース,,
2025/2/25,,,1112,普通預金,2,,    ,,810,,1142,売掛金,2921,,    ,,810,,63800,,売掛の入金　手数料売上,日本動物高度医療センター,,
2025/2/25,,,1112,普通預金,2,,    ,,810,,1142,売掛金,3166,,    ,,810,,2772,,売掛の入金　手数料売上,㈱いっぽ,,
2025/2/25,,,1112,普通預金,2,,    ,,810,,1142,売掛金,3201,,    ,,810,,2200,,売掛の入金　手数料売上,オールマイト㈱,,
2025/2/25,,,1112,普通預金,2,,    ,,810,,1142,売掛金,3137,,    ,,810,,14322,,売掛の入金　手数料売上,㈱SHUHEI,,
2025/2/25,,,1112,普通預金,2,,    ,,810,,1142,売掛金,1014,,    ,,810,,550,,売掛の入金　手数料売上,武蔵小杉エリアマネジメント,,
2025/2/25,,,1112,普通預金,2,,    ,,810,,1142,売掛金,3095,,    ,,810,,10010,,売掛の入金　手数料売上,フェイス　スズキシゲオ,,
2025/2/26,,,1112,普通預金,2,,    ,,810,,1142,売掛金,3163,,    ,,810,,17930,,売掛の入金　手数料売上,宮崎華園,,
2025/2/26,,,1112,普通預金,2,,    ,,810,,1142,売掛金,3169,,    ,,810,,5627,,売掛の入金　手数料売上,やきとりおしどり　マツイヨシオ,,
2025/2/26,,,1112,普通預金,2,,    ,,810,,1142,売掛金,3079,,    ,,810,,6622,,売掛の入金　手数料売上,㈲日成工業,,
2025/2/26,,,1112,普通預金,2,,    ,,810,,1142,売掛金,3060,,    ,,810,,32802,,売掛の入金　手数料売上,太陽第一幼稚園,,
2025/2/26,,,1112,普通預金,2,,    ,,810,,1142,売掛金,1011,,    ,,810,,4950,,売掛の入金　手数料売上,㈱いい食,,
2025/2/26,,,1142,売掛金,3169,,    ,,810,,6231,雑費,    ,,0,共通部門,511,10,6,,売掛の入金ﾐｽ？,やきとりおしどり　マツイヨシオ,,
2025/2/27,,,1112,普通預金,2,,    ,,810,,1142,売掛金,2026,,    ,,810,,615780,,売掛の入金　手数料売上,三友商事,,
2025/2/27,,,1112,普通預金,2,,    ,,810,,1142,売掛金,3165,,    ,,810,,8800,,売掛の入金　手数料売上,㈱リフト,,
2025/2/27,,,1112,普通預金,2,,    ,,810,,1142,売掛金,3011,,    ,,810,,35574,,売掛の入金　手数料売上,㈱イノベイションオブメディカルサービス,,
2025/2/28,,,1142,売掛金,3,,    ,,810,,4106,委託料売上,    ,,3,川崎委託,110,10,8968168,896816,業務委託料,,,
2025/2/28,,,6220,支払手数料,    ,,0,共通部門,310,10,1142,売掛金,3034,,    ,,810,,255,25,振込手数料相殺,ﾊｾｺｳｼﾆｱｳｴﾙﾃﾞｻﾞｲﾝ,,
2025/2/28,,,6220,支払手数料,    ,,0,共通部門,310,10,1142,売掛金,3126,,    ,,810,,600,60,振込手数料相殺,ﾒｯﾄﾞﾄﾗｽﾄ東京,,
2025/2/28,,,1142,売掛金,2026,,    ,,810,,4103,手数料売上,    ,,1,横浜,110,10,515700,51570,2月分 手数料売上,三友商事,,
2025/2/28,,,1142,売掛金,2001,,    ,,810,,4103,手数料売上,    ,,1,横浜,110,10,248300,24830,2月分 手数料売上,J&T環境,,
2025/2/28,,,1142,売掛金,2024,,    ,,810,,4103,手数料売上,    ,,1,横浜,110,10,242700,24270,2月分 手数料売上,環境ｵﾌﾟﾃｨﾏﾙ,,
2025/2/28,,,1142,売掛金,2921,,    ,,810,,4103,手数料売上,    ,,1,横浜,110,10,219000,21900,2月分 手数料売上,日本動物高度医療センター,,
2025/2/28,,,1142,売掛金,3200,,    ,,810,,4103,手数料売上,    ,,1,横浜,110,10,151485,15148,2月分 手数料売上,㈱サティスファクトリーBPO本部運用管理部,,
2025/2/28,,,1142,売掛金,3028,,    ,,810,,4103,手数料売上,    ,,1,横浜,110,10,144590,14459,2月分 手数料売上,神奈川中央交通東,,
2025/2/28,,,1142,売掛金,2047,,    ,,810,,4103,手数料売上,    ,,1,横浜,110,10,109900,10990,2月分 手数料売上,京浜総合病院,,
2025/2/28,,,1142,売掛金,3159,,    ,,810,,4103,手数料売上,    ,,1,横浜,110,10,100000,10000,2月分 手数料売上,株式会社カナイエンタ,,
2025/2/28,,,1142,売掛金,3131,,    ,,810,,4103,手数料売上,    ,,1,横浜,110,10,73990,7399,2月分 手数料売上,べったこ物流,,
2025/2/28,,,1142,売掛金,3126,,    ,,810,,4103,手数料売上,    ,,1,横浜,110,10,55420,5542,2月分 手数料売上,㈱ﾒｯﾄﾞﾄﾗｽﾄ東京,,
2025/2/28,,,1142,売掛金,3147,,    ,,810,,4103,手数料売上,    ,,1,横浜,110,10,53120,5312,2月分 手数料売上,ワンラインシステム,,
2025/2/28,,,1142,売掛金,3106,,    ,,810,,4103,手数料売上,    ,,1,横浜,110,10,52040,5204,2月分 手数料売上,岬水産,,
2025/2/28,,,1142,売掛金,3034,,    ,,810,,4103,手数料売上,    ,,1,横浜,110,10,43720,4372,2月分 手数料売上,ひまわり高津つどいの,,
2025/2/28,,,1142,売掛金,3185,,    ,,810,,4103,手数料売上,    ,,1,横浜,110,10,40000,4000,2月分 手数料売上,有馬病院,,
2025/2/28,,,1142,売掛金,2543,,    ,,810,,4103,手数料売上,    ,,1,横浜,110,10,34860,3486,2月分 手数料売上,ブリヂストンタイヤソリューションジャパン,,
2025/2/28,,,1142,売掛金,3011,,    ,,810,,4103,手数料売上,    ,,1,横浜,110,10,32880,3288,2月分 手数料売上,ｲﾉﾍﾞｲｼｮﾝｵﾌﾞﾒﾃﾞｨｶﾙｻｰﾋ,,
2025/2/28,,,1142,売掛金,3045,,    ,,810,,4103,手数料売上,    ,,1,横浜,110,10,31740,3174,2月分 手数料売上,ｻﾝﾒﾃﾞｨｯｸｽ,,
2025/2/28,,,1142,売掛金,3051,,    ,,810,,4103,手数料売上,    ,,1,横浜,110,10,31590,3159,2月分 手数料売上,七五三寿司,,
2025/2/28,,,1142,売掛金,2011,,    ,,810,,4103,手数料売上,    ,,1,横浜,110,10,30600,3060,2月分 手数料売上,リーズジャパン,,
2025/2/28,,,1142,売掛金,3204,,    ,,810,,4103,手数料売上,    ,,1,横浜,110,10,30000,3000,2月分 手数料売上,ティーエスエンバイロ㈱,,
2025/2/28,,,1142,売掛金,35,,    ,,810,,4103,手数料売上,    ,,1,横浜,110,10,29050,2905,2月分 手数料売上,リハフロンティア株式,,
2025/2/28,,,1142,売掛金,3148,,    ,,810,,4103,手数料売上,    ,,1,横浜,110,10,28390,2839,2月分 手数料売上,中日本ｴｸｽﾄｰﾙ,,
2025/2/28,,,1142,売掛金,3172,,    ,,810,,4103,手数料売上,    ,,1,横浜,110,10,26440,2644,"2,3月分未入金 手数料売上",(株)優和,,
2025/2/28,,,1142,売掛金,3114,,    ,,810,,4103,手数料売上,    ,,1,横浜,110,10,25370,2537,2月分 手数料売上,ﾕｰｽﾞﾚｯﾄ元住吉,,
2025/2/28,,,1142,売掛金,3053,,    ,,810,,4103,手数料売上,    ,,1,横浜,110,10,24020,2402,2月分 手数料売上,昇辰電気,,
2025/2/28,,,1142,売掛金,3059,,    ,,810,,4103,手数料売上,    ,,1,横浜,110,10,23650,2365,2月分 手数料売上,ﾀｲﾔ館京浜高津,,
2025/2/28,,,1142,売掛金,3214,,    ,,810,,4103,手数料売上,    ,,1,横浜,110,10,23000,2300,2月分 手数料売上,NEC玉川ハウス,,
2025/2/28,,,1142,売掛金,3096,,    ,,810,,4103,手数料売上,    ,,1,横浜,110,10,22430,2243,2月分 手数料売上,富士教材,,
2025/2/28,,,1142,売掛金,3060,,    ,,810,,4103,手数料売上,    ,,1,横浜,110,10,21930,2193,2月分 手数料売上,太陽第一幼稚園,,
2025/2/28,,,1142,売掛金,3041,,    ,,810,,4103,手数料売上,    ,,1,横浜,110,10,18660,1866,2月分 手数料売上,ｺﾊﾞｯｸ亀ヶ谷ﾓｰﾀｰｽ,,
2025/2/28,,,1142,売掛金,3046,,    ,,810,,4103,手数料売上,    ,,1,横浜,110,10,18110,1811,2月分 手数料売上,賛友精機,,
2025/2/28,,,1142,売掛金,3205,,    ,,810,,4103,手数料売上,    ,,1,横浜,110,10,18000,1800,2月分 手数料売上,㈱ジャパンプロセス,,
2025/2/28,,,1142,売掛金,2047,,    ,,810,,4103,手数料売上,    ,,1,横浜,110,10,17690,1769,2月分 手数料売上 未入金,京浜総合病院,,
2025/2/28,,,1142,売掛金,2010,,    ,,810,,4103,手数料売上,    ,,1,横浜,110,10,16925,1692,2月分 手数料売上,ラボラトリー,,
2025/2/28,,,1142,売掛金,3163,,    ,,810,,4103,手数料売上,    ,,1,横浜,110,10,16300,1630,2月分 手数料売上,宮崎華園,,
2025/2/28,,,1142,売掛金,1008,,    ,,810,,4103,手数料売上,    ,,1,横浜,110,10,16300,1630,2月分 手数料売上,溝の口オフィス,,
2025/2/28,,,1142,売掛金,3007,,    ,,810,,4103,手数料売上,    ,,1,横浜,110,10,15510,1551,2月分 手数料売上,ｲｰｽﾄｻｳﾝﾄﾞ,,
2025/2/28,,,1142,売掛金,3026,,    ,,810,,4103,手数料売上,    ,,1,横浜,110,10,14870,1487,2月分 手数料売上,海鮮居酒屋　檸檬,,
2025/2/28,,,1142,売掛金,3097,,    ,,810,,4103,手数料売上,    ,,1,横浜,110,10,14690,1469,2月分 手数料売上,不二ﾌﾟﾗﾝﾄ工業㈱,,
2025/2/28,,,1142,売掛金,3098,,    ,,810,,4103,手数料売上,    ,,1,横浜,110,10,13950,1395,2月分 手数料売上,ﾌｼﾞﾔﾓﾃﾞﾙ,,
2025/2/28,,,1142,売掛金,3056,,    ,,810,,4103,手数料売上,    ,,1,横浜,110,10,13920,1392,2月分 手数料売上,新富,,
2025/2/28,,,1142,売掛金,3207,,    ,,810,,4103,手数料売上,    ,,1,横浜,110,10,13600,1360,2月分 手数料売上,㈱ｱﾗｲﾝ,,
2025/2/28,,,1142,売掛金,3081,,    ,,810,,4103,手数料売上,    ,,1,横浜,110,10,13340,1334,2月分 手数料売上,ﾆｭｰﾀｳﾝ㈱鷺沼店,,
2025/2/28,,,1142,売掛金,1011,,    ,,810,,4103,手数料売上,    ,,1,横浜,110,10,13000,1300,2月分 手数料売上,こぱんはうすさくら久,,
2025/2/28,,,1142,売掛金,3182,,    ,,810,,4103,手数料売上,    ,,1,横浜,110,10,12080,1208,2月分 手数料売上,㈱メイツ電子,,
2025/2/28,,,1142,売掛金,3029,,    ,,810,,4103,手数料売上,    ,,1,横浜,110,10,11830,1183,2月分 手数料売上,カフェ　ド　シュロ,,
2025/2/28,,,1142,売掛金,3054,,    ,,810,,4103,手数料売上,    ,,1,横浜,110,10,11400,1140,2月分 手数料売上,㈲珠洲,,
2025/2/28,,,1142,売掛金,3032,,    ,,810,,4103,手数料売上,    ,,1,横浜,110,10,11360,1136,2月分 手数料売上,くもい歯科ｸﾘﾆｸ,,
2025/2/28,,,1142,売掛金,3010,,    ,,810,,4103,手数料売上,    ,,1,横浜,110,10,11260,1126,2月分 手数料売上,井出紙工,,
2025/2/28,,,1142,売掛金,3125,,    ,,810,,4103,手数料売上,    ,,1,横浜,110,10,11180,1118,2月分 手数料売上,㈲海老民,,
2025/2/28,,,1142,売掛金,3003,,    ,,810,,4103,手数料売上,    ,,1,横浜,110,10,10520,1052,2月分 手数料売上,秋山商事,,
2025/2/28,,,1142,売掛金,3173,,    ,,810,,4103,手数料売上,    ,,1,横浜,110,10,10400,1040,2月分 手数料売上,川崎市中部児童相談所,,
2025/2/28,,,1142,売掛金,3137,,    ,,810,,4103,手数料売上,    ,,1,横浜,110,10,10320,1032,2月分 手数料売上,SHUHEI,,
2025/2/28,,,1142,売掛金,3095,,    ,,810,,4103,手数料売上,    ,,1,横浜,110,10,8910,891,2月分 手数料売上,ﾌｪｲｽ,,
2025/2/28,,,1142,売掛金,3031,,    ,,810,,4103,手数料売上,    ,,1,横浜,110,10,8470,847,2月分 手数料売上,ｷｭｰﾋﾞｯｸｽ,,
2025/2/28,,,1142,売掛金,3084,,    ,,810,,4103,手数料売上,    ,,1,横浜,110,10,8370,837,2月分 手数料売上,林整形外科,,
2025/2/28,,,1142,売掛金,3158,,    ,,810,,4103,手数料売上,    ,,1,横浜,110,10,6630,663,2月分 手数料売上,NPO　SSS,,
2025/2/28,,,1142,売掛金,3119,,    ,,810,,4103,手数料売上,    ,,1,横浜,110,10,6440,644,2月分 手数料売上,ﾗﾝﾄﾞﾗﾝﾄﾞﾘｰ　ﾗﾝﾄﾞﾗﾝﾄﾞﾘｰ読売ﾗﾝﾄﾞ店,,
2025/2/28,,,1142,売掛金,39,,    ,,810,,4103,手数料売上,    ,,1,横浜,110,10,6440,644,2月分 手数料売上,ｶﾒﾊﾁﾍﾞｰｶﾘｰ,,
2025/2/28,,,1142,売掛金,3052,,    ,,810,,4103,手数料売上,    ,,1,横浜,110,10,6020,602,2月分 手数料売上,ｼﾞｬｸｴﾂ,,
2025/2/28,,,1142,売掛金,3209,,    ,,810,,4103,手数料売上,    ,,1,横浜,110,10,5870,587,2月分 手数料売上,登戸ブレスケアクリニック,,
2025/2/28,,,1142,売掛金,3179,,    ,,810,,4103,手数料売上,    ,,1,横浜,110,10,5750,575,2月分 手数料売上,クラブティピラティス溝の口,,
2025/2/28,,,1142,売掛金,3049,,    ,,810,,4103,手数料売上,    ,,1,横浜,110,10,5750,575,2月分 手数料売上,ｼﾃｨｰ企画工業,,
2025/2/28,,,1142,売掛金,3164,,    ,,810,,4103,手数料売上,    ,,1,横浜,110,10,5690,569,2月分 手数料売上,山形研精,,
2025/2/28,,,1142,売掛金,3086,,    ,,810,,4103,手数料売上,    ,,1,横浜,110,10,5490,549,2月分 手数料売上,原田管理商会,,
2025/2/28,,,1142,売掛金,3073,,    ,,810,,4103,手数料売上,    ,,1,横浜,110,10,5490,549,2月分 手数料売上,東洋ｴﾚﾒﾝﾄ工業㈱,,
2025/2/28,,,1142,売掛金,3120,,    ,,810,,4103,手数料売上,    ,,1,横浜,110,10,5470,547,2月分 手数料売上,ﾘｨｰｻﾝｸ,,
2025/2/28,,,1142,売掛金,3211,,    ,,810,,4103,手数料売上,    ,,1,横浜,110,10,5300,530,2月分 手数料売上,History元住吉店,,
2025/2/28,,,1142,売掛金,3228,,    ,,810,,4103,手数料売上,    ,,1,横浜,110,10,5300,530,2月分 手数料売上,㈱hope(放課後デイサービスkanoa),,
2025/2/28,,,1142,売掛金,3043,,    ,,810,,4103,手数料売上,    ,,1,横浜,110,10,5190,519,2月分 手数料売上,sunnyこどもｸﾘﾆｯｸ,,
2025/2/28,,,1142,売掛金,3044,,    ,,810,,4103,手数料売上,    ,,1,横浜,110,10,5110,511,2月分 手数料売上,三協ｴﾝｼﾞﾆｱﾘﾝｸﾞ,,
2025/2/28,,,1142,売掛金,3170,,    ,,810,,4103,手数料売上,    ,,1,横浜,110,10,5110,511,2月分 手数料売上,スタジオそら,,
2025/2/28,,,1142,売掛金,3134,,    ,,810,,4103,手数料売上,    ,,1,横浜,110,10,5110,511,2月分 手数料売上,ﾌﾛｰﾗﾙ夢木香,,
2025/2/28,,,1142,売掛金,3118,,    ,,810,,4103,手数料売上,    ,,1,横浜,110,10,5110,511,2月分 手数料売上,ﾗｲﾌﾃｯｸ,,
2025/2/28,,,1142,売掛金,3048,,    ,,810,,4103,手数料売上,    ,,1,横浜,110,10,5110,511,2月分 手数料売上,JKB,,
2025/2/28,,,1142,売掛金,3066,,    ,,810,,4103,手数料売上,    ,,1,横浜,110,10,5110,511,2月分 手数料売上,多摩食事ｻｰﾋﾞｽかりん,,
2025/2/28,,,1142,売掛金,3129,,    ,,810,,4103,手数料売上,    ,,1,横浜,110,10,5110,511,2月分 手数料売上,中華福林,,
2025/2/28,,,1142,売掛金,3017,,    ,,810,,4103,手数料売上,    ,,1,横浜,110,10,5030,503,2月分 手数料売上,英和工業,,
2025/2/28,,,1142,売掛金,1003,,    ,,810,,4103,手数料売上,    ,,1,横浜,110,10,5000,500,2月分 手数料売上,スナック千恵,,
2025/2/28,,,1142,売掛金,3169,,    ,,810,,4103,手数料売上,    ,,1,横浜,110,10,4920,492,2月分 手数料売上,やきとりおしどり,,
2025/2/28,,,1142,売掛金,3018,,    ,,810,,4103,手数料売上,    ,,1,横浜,110,10,4500,450,2月分 手数料売上,荏原実業,,
2025/2/28,,,1142,売掛金,1019,,    ,,810,,4103,手数料売上,    ,,1,横浜,110,10,4500,450,2月分 手数料売上,川崎ｵｷｼﾄﾝ,,
2025/2/28,,,1142,売掛金,1017,,    ,,810,,4103,手数料売上,    ,,1,横浜,110,10,4000,400,2月分 手数料売上,ｾﾝﾄﾗﾙ薬局,,
2025/2/28,,,1142,売掛金,3190,,    ,,810,,4103,手数料売上,    ,,1,横浜,110,10,4000,400,2月分 手数料売上,プラスワン京王稲田堤店,,
2025/2/28,,,1142,売掛金,3099,,    ,,810,,4103,手数料売上,    ,,1,横浜,110,10,3460,346,2月分 手数料売上,二子新地整骨院,,
2025/2/28,,,1142,売掛金,33,,    ,,810,,4103,手数料売上,    ,,1,横浜,110,10,3100,310,2月分 手数料売上,㈱Gradeup,,
2025/2/28,,,1142,売掛金,3070,,    ,,810,,4103,手数料売上,    ,,1,横浜,110,10,3000,300,2月分 手数料売上,ﾃｨｰｴﾑ設備工業,,
2025/2/28,,,1142,売掛金,3165,,    ,,810,,4103,手数料売上,    ,,1,横浜,110,10,3000,300,2月分 手数料売上,ハウスクリニック,,
2025/2/28,,,1142,売掛金,3001,,    ,,810,,4103,手数料売上,    ,,1,横浜,110,10,3000,300,2月分 手数料売上,あおば,,
2025/2/28,,,1142,売掛金,3013,,    ,,810,,4103,手数料売上,    ,,1,横浜,110,10,2950,295,2月分 手数料売上,ｲﾏｰｼﾞｱｸﾄ南加瀬,,
2025/2/28,,,1142,売掛金,34,,    ,,810,,4103,手数料売上,    ,,1,横浜,110,10,2570,257,2月分 手数料売上,㈱siesta,,
2025/2/28,,,1142,売掛金,3112,,    ,,810,,4103,手数料売上,    ,,1,横浜,110,10,2380,238,2月分 手数料売上,やきとり山吹,,
2025/2/28,,,1142,売掛金,3201,,    ,,810,,4103,手数料売上,    ,,1,横浜,110,10,2000,200,2月分 手数料売上,オールマイト㈱,,
2025/2/28,,,1142,売掛金,3192,,    ,,810,,4103,手数料売上,    ,,1,横浜,110,10,2000,200,2月分 手数料売上,㈱NTプラス,,
2025/2/28,,,1142,売掛金,3079,,    ,,810,,4103,手数料売上,    ,,1,横浜,110,10,1840,184,2月分 手数料売上,日成工業,,
2025/2/28,,,1142,売掛金,3187,,    ,,810,,4103,手数料売上,    ,,1,横浜,110,10,1800,180,2月分 手数料売上,グリーン調剤薬局,,
2025/2/28,,,1142,売掛金,3109,,    ,,810,,4103,手数料売上,    ,,1,横浜,110,10,1560,156,2月分 手数料売上,ﾒｶﾞﾈｽﾄｱ-武蔵中原店 ㈲大興資源へ請求,,
2025/2/28,,,1142,売掛金,3069,,    ,,810,,4103,手数料売上,    ,,1,横浜,110,10,1500,150,2月分 手数料売上,津田山製作所,,
2025/2/28,,,1142,売掛金,3177,,    ,,810,,4103,手数料売上,    ,,1,横浜,110,10,1500,150,2月分 手数料売上,福吉塗装,,
2025/2/28,,,1142,売掛金,3018,,    ,,810,,4103,手数料売上,    ,,1,横浜,110,10,1500,150,2月分 手数料売上,荏原実業,,
2025/2/28,,,1142,売掛金,3108,,    ,,810,,4103,手数料売上,    ,,1,横浜,110,10,1460,146,2月分 手数料売上,溝ノ口製麺渡辺商店,,
2025/2/28,,,1142,売掛金,3107,,    ,,810,,4103,手数料売上,    ,,1,横浜,110,10,1280,128,2月分 手数料売上,水谷建築設計事務所,,
2025/2/28,,,1142,売掛金,3042,,    ,,810,,4103,手数料売上,    ,,1,横浜,110,10,1280,128,2月分 手数料売上,さかい医院,,
2025/2/28,,,1142,売掛金,3022,,    ,,810,,4103,手数料売上,    ,,1,横浜,110,10,1280,128,2月分 手数料売上,小笠原会計事務所,,
2025/2/28,,,1142,売掛金,3058,,    ,,810,,4103,手数料売上,    ,,1,横浜,110,10,1280,128,2月分 手数料売上,大丸化工,,
2025/2/28,,,1142,売掛金,3091,,    ,,810,,4103,手数料売上,    ,,1,横浜,110,10,1190,119,2月分 手数料売上,美容室コパン,,
2025/2/28,,,1142,売掛金,3103,,    ,,810,,4103,手数料売上,    ,,1,横浜,110,10,1000,100,2月分 手数料売上,(有)ホリ造形スタジオ,,
2025/2/28,,,1142,売掛金,1007,,    ,,810,,4103,手数料売上,    ,,1,横浜,110,10,1000,100,2月分 手数料売上,TKプロジェクト,,
2025/2/28,,,1142,売掛金,1012,,    ,,810,,4103,手数料売上,    ,,1,横浜,110,10,1000,100,2月分 手数料売上,美・デザイン ㈲大興資源へ請求,,
2025/2/28,,,1142,売掛金,1010,,    ,,810,,4103,手数料売上,    ,,1,横浜,110,10,500,50,2月分 手数料売上,ing平間店,,
2025/2/28,,,1142,売掛金,1014,,    ,,810,,4103,手数料売上,    ,,1,横浜,110,10,500,50,2月分 手数料売上,小杉駅周辺エリアマネ,,
2025/2/28,,,1112,普通預金,2,,    ,,810,,1142,売掛金,2126,,    ,,810,,22000,,売掛の入金　手数料売上,NECライベックス,,
2025/2/28,,,1112,普通預金,2,,    ,,810,,1142,売掛金,3045,,    ,,810,,31647,,売掛の入金　手数料売上,サンメディックス㈱,,
2025/2/28,,,1112,普通預金,2,,    ,,810,,1142,売掛金,3118,,    ,,810,,5621,,売掛の入金　手数料売上,㈲ﾗｲﾌﾃｯｸ,,
2025/2/28,,,1112,普通預金,2,,    ,,810,,1142,売掛金,3049,,    ,,810,,5335,,売掛の入金　手数料売上,シティ企画工業㈱,,
2025/2/28,,,1112,普通預金,2,,    ,,810,,1142,売掛金,1,,    ,,810,,600864,,内部取引,㈲大興資源,,
2025/2/28,,,1112,普通預金,2,,    ,,810,,1142,売掛金,3227,,    ,,810,,1650,,売掛の入金　手数料売上,登戸駅前地区市街地再開発組合,,
2025/2/28,,,1112,普通預金,2,,    ,,810,,1142,売掛金,3098,,    ,,810,,17248,,売掛の入金　手数料売上,㈲フジヤモデル,,
2025/2/28,,,1112,普通預金,2,,    ,,810,,1142,売掛金,3159,,    ,,810,,110000,,売掛の入金　手数料売上,㈱カナイエンタープライズ,,
2025/2/28,,,1112,普通預金,2,,    ,,810,,1142,売掛金,3007,,    ,,810,,14520,,売掛の入金　手数料売上,㈱ｲｰｽﾄｻｳﾝﾄﾞ,,
2025/2/28,,,1112,普通預金,2,,    ,,810,,1142,売掛金,3114,,    ,,810,,27489,,売掛の入金　手数料売上,㈱エコミット,,
2025/2/28,,,1112,普通預金,2,,    ,,810,,1142,売掛金,3106,,    ,,810,,59796,,売掛の入金　手数料売上,岬水産㈱,,
2025/2/28,,,1112,普通預金,2,,    ,,810,,1142,売掛金,3070,,    ,,810,,3300,,売掛の入金　手数料売上,ﾃｨｰｴﾑ設備工業,,
2025/2/28,,,1112,普通預金,2,,    ,,810,,1142,売掛金,3028,,    ,,810,,56309,,売掛の入金　手数料売上,神奈川中央交通東㈱,,
2025/2/28,,,1112,普通預金,2,,    ,,810,,1142,売掛金,1007,,    ,,810,,1100,,売掛の入金　手数料売上,ティーケープロジェクト,,
2025/2/28,,,1112,普通預金,2,,    ,,810,,1142,売掛金,3069,,    ,,810,,11814,,売掛の入金　手数料売上,ユニック産業,,
2025/2/28,,,1112,普通預金,2,,    ,,810,,1142,売掛金,3187,,    ,,810,,1980,,売掛の入金　手数料売上,㈲グリーン調剤薬局,,
2025/2/28,,,1112,普通預金,2,,    ,,810,,1142,売掛金,3204,,    ,,810,,33000,,売掛の入金　手数料売上,ティーエスエンバイロ㈱,,
2025/2/28,,,1112,普通預金,2,,    ,,810,,1142,売掛金,33,,    ,,810,,3058,,売掛の入金　手数料売上,㈱グレードアップ,,
2025/2/28,,,1112,普通預金,2,,    ,,810,,1142,売掛金,3018,,    ,,810,,9900,,売掛の入金　手数料売上,荏原実業㈱荏原実業㈱中央研究所,,
2025/2/28,,,1112,普通預金,2,,    ,,810,,1142,売掛金,3196,,    ,,810,,8184,,売掛の入金　手数料売上,BBカンパニー,,
2025/2/28,,,1112,普通預金,2,,    ,,810,,1142,売掛金,3147,,    ,,810,,51293,,売掛の入金　手数料売上,㈱ワンラインシステム,,
2025/2/28,,,1112,普通預金,2,,    ,,810,,1142,売掛金,3048,,    ,,810,,6039,,売掛の入金　手数料売上,㈱ジェーケービー,,
2025/2/28,,,1112,普通預金,2,,    ,,810,,1142,売掛金,3126,,    ,,810,,62799,,売掛の入金　手数料売上,㈱メッドトラストトウキョウ,,
2025/2/28,,,1112,普通預金,2,,    ,,810,,1142,売掛金,3046,,    ,,810,,17501,,売掛の入金　手数料売上,賛友精機,,
2025/2/28,,,1112,普通預金,2,,    ,,810,,1142,売掛金,3058,,    ,,810,,1716,,売掛の入金　手数料売上,大丸化工㈱,,
2025/2/28,,,1112,普通預金,2,,    ,,810,,1142,売掛金,3131,,    ,,810,,79563,,売掛の入金　手数料売上,㈱キンキショウジ,,
2025/2/28,,,1112,普通預金,2,,    ,,810,,1142,売掛金,3185,,    ,,810,,44000,,売掛の入金　手数料売上,アイセイカイ,,
2025/2/28,,,1112,普通預金,2,,    ,,810,,1142,売掛金,3017,,    ,,810,,165000,,売掛の入金　手数料売上,英和工業㈱,,
2025/2/28,,,1112,普通預金,2,,    ,,810,,1142,売掛金,1017,,    ,,810,,4400,,売掛の入金　手数料売上,エスエフインフォネット,,
2025/2/28,,,1112,普通預金,2,,    ,,810,,1142,売掛金,3170,,    ,,810,,5830,,売掛の入金　手数料売上,アースキッズ,,
2025/2/28,,,1112,普通預金,2,,    ,,810,,1142,売掛金,1008,,    ,,810,,9350,,売掛の入金　手数料売上,エムコミュー,,
2025/2/28,,,1112,普通預金,2,,    ,,810,,1142,売掛金,35,,    ,,810,,33209,,売掛の入金　手数料売上,㈱ビーナス,,
2025/2/28,,,1112,普通預金,2,,    ,,810,,1142,売掛金,3034,,    ,,810,,43511,,売掛の入金　手数料売上,長谷工シニアｳｪﾙﾃﾞｻﾞｲン,,
2025/2/28,,,1112,普通預金,2,,    ,,810,,1142,売掛金,3047,,    ,,810,,1650,,売掛の入金　手数料売上,㈱ジーエヌイー,,
2025/2/28,,,1112,普通預金,2,,    ,,810,,1142,売掛金,2011,,    ,,810,,25960,,売掛の入金　手数料売上,㈱リーズジャパン,,
2025/2/28,,,1112,普通預金,1,,    ,,810,,1142,売掛金,3173,,    ,,810,,13200,,売掛の入金　手数料売上,,,
2025/2/28,,,1112,普通預金,1,,    ,,810,,1142,売掛金,2001,,    ,,810,,277772,,売掛の入金　手数料売上,J＆T環境,,
2025/2/28,,,1112,普通預金,1,,    ,,810,,1142,売掛金,3,,    ,,810,,9864984,,売掛の入金　手数料売上,収集計画,,
2025/2/28,,,1112,普通預金,1,,    ,,810,,1142,売掛金,3173,,    ,,810,,3520,,売掛の入金　手数料売上,,,
2025/2/28,,,1112,普通預金,1,,    ,,810,,1142,売掛金,2010,,    ,,810,,17198,,売掛の入金　手数料売上,ラボラトリー,,
2025/2/28,,,1112,普通預金,1,,    ,,810,,1142,売掛金,3200,,    ,,810,,174773,,売掛の入金　手数料売上,サティスファクトリー,,
2025/2/28,,,9999,諸口,    ,,    ,,810,,1142,売掛金,3086,,    ,,810,,6039,,売掛の入金　手数料売上,㈲原田管理商会,,
2025/2/28,,,9999,諸口,    ,,    ,,810,,1142,売掛金,3119,,    ,,810,,6875,,売掛の入金　手数料売上,㈲原田管理商会,,
2025/2/28,,,9999,諸口,    ,,    ,,810,,1142,売掛金,3029,,    ,,810,,12386,,売掛の入金　手数料売上,㈲原田管理商会,,
2025/2/28,,,6220,支払手数料,    ,,0,共通部門,310,10,1142,売掛金,3200,,    ,,810,,600,60,振込手数料,,,
2025/2/28,,,1142,売掛金,2,,    ,,810,,4102,作業料売上　ｺﾂﾞｶ㈱,    ,,1,横浜,110,10,180000,18000,こづか事務手数料（千葉さん・的場さん）,こづか㈱,,
2025/2/28,,,1142,売掛金,1,,    ,,810,,4101,作業料売上　㈲大興資源,    ,,1,横浜,110,10,530000,53000,廃棄物収集請負,㈲大興資源,,
2025/2/28,,,1142,売掛金,1,,    ,,810,,1142,売掛金,3109,,    ,,810,,3366,,㈲大興資源へ入金された,,,
2025/2/28,,,1142,売掛金,1,,    ,,810,,1142,売掛金,1012,,    ,,810,,9350,,㈲大興資源へ入金された,,,
2025/2/28,,,1142,売掛金,2,,    ,,810,,4105,商品売上,    ,,1,横浜,110,10,259324,25932,手数料売上　こづか㈱,こづか㈱,,
2025/3/3,,,1101,現金,    ,,    ,,810,,1142,売掛金,3108,,    ,,810,,1870,,,㈲溝の口製麺渡辺商店,,
2025/3/4,,,1112,普通預金,2,,    ,,810,,1142,売掛金,3107,,    ,,810,,2816,,売掛の入金　手数料売上,水谷建築設計,,
2025/3/5,,,1112,普通預金,1,,    ,,810,,1142,売掛金,3207,,    ,,810,,14575,,売掛の入金　手数料売上,㈱アライン,,
2025/3/5,,,1112,普通預金,2,,    ,,810,,1142,売掛金,3084,,    ,,810,,9207,,売掛の入金　手数料売上,ハヤシ　オウスケ 林整形外科,,
2025/3/5,,,1112,普通預金,2,,    ,,810,,1142,売掛金,3042,,    ,,810,,1408,,売掛の入金　手数料売上,さかい医院,,
2025/3/5,,,6231,雑費,    ,,0,共通部門,511,10,1142,売掛金,3207,,    ,,810,,350,35,振込手数料,,,
2025/3/6,,,1112,普通預金,2,,    ,,810,,1142,売掛金,3081,,    ,,810,,14674,,売掛の入金　手数料売上,ニュータウン鷺沼,,
2025/3/6,,,1112,普通預金,2,,    ,,810,,1142,売掛金,3125,,    ,,810,,12298,,売掛の入金　手数料売上,海老民,,
2025/3/6,,,1112,普通預金,2,,    ,,810,,1142,売掛金,3091,,    ,,810,,1309,,,,,
2025/3/6,,,1112,普通預金,2,,    ,,810,,1142,売掛金,3043,,    ,,810,,5709,,売掛の入金　手数料売上,サニーサイド,,
2025/3/7,,,1112,普通預金,2,,    ,,810,,1142,売掛金,3044,,    ,,810,,5621,,売掛の入金　手数料売上,㈲三協エンジニアリング,,
2025/3/7,,,1112,普通預金,2,,    ,,810,,1142,売掛金,3182,,    ,,810,,13288,,売掛の入金　手数料売上,メイツ電子,,
2025/3/7,,,1112,普通預金,2,,    ,,810,,1142,売掛金,3205,,    ,,810,,19800,,売掛の入金　手数料売上,㈱ジャパンプロセス,,
2025/3/7,,,1112,普通預金,2,,    ,,810,,1142,売掛金,3112,,    ,,810,,2618,,売掛の入金　手数料売上　5月分,やきとり山吹,,
2025/3/8,,,1112,普通預金,2,,    ,,810,,1142,売掛金,3103,,    ,,810,,1100,,売掛の入金　手数料売上,㈲ホリ造形スタジオ,,
2025/3/8,,,1112,普通預金,2,,    ,,810,,1142,売掛金,3056,,    ,,810,,15312,,売掛の入金　手数料売上,新富,,
2025/3/10,,,6220,支払手数料,    ,,0,共通部門,310,10,1142,売掛金,2024,,    ,,810,,350,35,振込手数料相殺,環境オプティマル,,
2025/3/10,,,1112,普通預金,2,,    ,,810,,1142,売掛金,2024,,    ,,810,,286385,,売掛の入金　手数料売上,環境オプティマル,,
2025/3/10,,,1112,普通預金,2,,    ,,810,,1142,売掛金,2047,,    ,,810,,62381,,売掛の入金　手数料売上,京浜予防医学研究所,,
2025/3/10,,,1112,普通預金,2,,    ,,810,,1142,売掛金,3053,,    ,,810,,26752,,売掛の入金　手数料売上,昇辰電気,,
2025/3/10,,,1112,普通預金,2,,    ,,810,,1142,売掛金,1010,,    ,,810,,550,,売掛の入金　手数料売上,ing　平間店,,
2025/3/10,,,1112,普通預金,2,,    ,,810,,1142,売掛金,3031,,    ,,810,,9317,,売掛の入金　手数料売上,キュービクス,,
2025/3/10,,,1112,普通預金,2,,    ,,810,,1142,売掛金,3066,,    ,,810,,5621,,売掛の入金　手数料売上,多摩食事ｻｰﾋﾞｽかりん,,
2025/3/10,,,1112,普通預金,2,,    ,,810,,1142,売掛金,3001,,    ,,810,,3300,,売掛の入金　手数料売上　6月分,あおば,,
2025/3/10,,,1112,普通預金,2,,    ,,810,,1142,売掛金,3190,,    ,,810,,4400,,売掛の入金　手数料売上,プラスワン京王稲田堤店,,
2025/3/10,,,6220,支払手数料,    ,,0,共通部門,310,10,1142,売掛金,2047,,    ,,810,,400,40,振込手数料,,,
2025/3/11,,,1112,普通預金,2,,    ,,810,,1142,売掛金,39,,    ,,810,,7084,,売掛の入金　手数料売上,カメハチベーカリー,,
2025/3/11,,,1112,普通預金,2,,    ,,810,,1142,売掛金,3099,,    ,,810,,3806,,売掛の入金　手数料売上,二子新地整骨院,,
2025/3/11,,,1112,普通預金,2,,    ,,810,,1142,売掛金,3228,,    ,,810,,5830,,振込　カ）ホ－フ゜,,,
2025/3/11,,,1112,普通預金,2,,    ,,810,,1142,売掛金,3209,,    ,,810,,6457,,売掛の入金　手数料売上,ツチヤ　セイコ,,
2025/3/11,,,1112,普通預金,2,,    ,,810,,1142,売掛金,3003,,    ,,810,,11572,,売掛の入金　手数料売上,㈲秋山商事,,
2025/3/11,,,1112,普通預金,2,,    ,,810,,1142,売掛金,3054,,    ,,810,,12540,,売掛の入金　手数料売上　4月分,(有)珠洲,,
2025/3/11,,,1112,普通預金,2,,    ,,810,,1142,売掛金,3026,,    ,,810,,16357,,売掛の入金　手数料売上,セト　ケンジ 檸檬,,
2025/3/11,,,1112,普通預金,2,,    ,,810,,1142,売掛金,3032,,    ,,810,,12496,,売掛の入金　手数料売上　5月分,くもい歯科（ｸﾓｲﾋﾃﾞｷ,,
2025/3/12,,,1112,普通預金,2,,    ,,810,,1142,売掛金,2,,    ,,810,,285256,,振込　コツ゛カ（カ,,,
2025/3/12,,,1112,普通預金,2,,    ,,810,,1142,売掛金,3097,,    ,,810,,16159,,売掛の入金　手数料売上,不二ﾌﾟﾗﾝﾄ工業,,
2025/3/12,,,1112,普通預金,2,,    ,,810,,1142,売掛金,3129,,    ,,810,,5621,,売掛の入金　手数料売上　5月分,中華福林,,
2025/3/14,,,1112,普通預金,2,,    ,,810,,1142,売掛金,3073,,    ,,810,,6039,,売掛の入金　手数料売上,東洋エレメント工業,,
2025/3/14,,,1112,普通預金,2,,    ,,810,,1142,売掛金,3120,,    ,,810,,6017,,売掛の入金　手数料売上,ﾘｨｰｻﾝｸ,,
2025/3/14,,,1112,普通預金,2,,    ,,810,,1142,売掛金,3148,,    ,,810,,31229,,売掛の入金　手数料売上,中日本エクストール,,
2025/3/14,,,1112,普通預金,2,,    ,,810,,1142,売掛金,1014,,    ,,810,,550,,売掛の入金　手数料売上　9月分,小杉駅駅前周辺,,
2025/3/17,,,1112,普通預金,1,,    ,,810,,1142,売掛金,1002,,    ,,810,,6380,,売掛の入金　手数料売上,ビューティークオリテ,,
2025/3/17,,,1112,普通預金,2,,    ,,810,,1142,売掛金,3052,,    ,,810,,6622,,売掛の入金　手数料売上,㈱ジャクエツ,,
2025/3/17,,,1112,普通預金,2,,    ,,810,,1142,売掛金,3051,,    ,,810,,34749,,売掛の入金　手数料売上,七五三寿司,,
2025/3/19,,,1112,普通預金,2,,    ,,810,,1142,売掛金,3177,,    ,,810,,1650,,売掛の入金　手数料売上,福吉塗装,,
2025/3/21,,,1112,普通預金,1,,    ,,810,,1142,売掛金,2047,,    ,,810,,120010,,売掛の入金　手数料売上,京浜総合病院,,
2025/3/21,,,1112,普通預金,2,,    ,,810,,1142,売掛金,3059,,    ,,810,,26015,,売掛の入金　手数料売上,ブリヂストンリテール,,
2025/3/21,,,1112,普通預金,2,,    ,,810,,1142,売掛金,2543,,    ,,810,,38346,,売掛の入金　手数料売上,ブリジストンタイヤソリューションジャパン,,
2025/3/21,,,1112,普通預金,2,,    ,,810,,1142,売掛金,3096,,    ,,810,,24673,,売掛の入金　手数料売上　4月分,富士教材,,
2025/3/21,,,6220,支払手数料,    ,,0,共通部門,310,10,1142,売掛金,2047,,    ,,810,,800,80,振込手数料,,,
2025/3/23,,,1112,普通預金,2,,    ,,810,,1142,売掛金,3134,,    ,,810,,5621,,売掛の入金　手数料売上,ｼﾊﾞﾀ ﾋﾛｱｷ ﾌﾛｰﾗﾙ夢木香,,
2025/3/24,,,1112,普通預金,2,,    ,,810,,1142,売掛金,3164,,    ,,810,,6259,,売掛の入金　手数料売上,山形研精,,
2025/3/24,,,1112,普通預金,2,,    ,,810,,1142,売掛金,3013,,    ,,810,,3245,,売掛の入金　手数料売上,ｲﾏｰｼﾞｱｸﾄ,,
2025/3/24,,,1112,普通預金,2,,    ,,810,,1142,売掛金,3022,,    ,,810,,1408,,売掛の入金　手数料売上,小笠原会計事務所,,
2025/3/24,,,1112,普通預金,2,,    ,,810,,1142,売掛金,34,,    ,,810,,2827,,売掛の入金　手数料売上,㈱シエスタ,,
2025/3/25,,,1112,普通預金,2,,    ,,810,,1142,売掛金,3158,,    ,,810,,7293,,売掛の入金　手数料売上,セキュリティライフ NPOSSS,,
2025/3/25,,,1112,普通預金,2,,    ,,810,,1142,売掛金,2921,,    ,,810,,240900,,売掛の入金　手数料売上,㈱日本動物高度医療センター,,
2025/3/25,,,1112,普通預金,2,,    ,,810,,1142,売掛金,3041,,    ,,810,,20526,,売掛の入金　手数料売上,㈲亀ヶ谷モータース,,
2025/3/25,,,1112,普通預金,2,,    ,,810,,1142,売掛金,3095,,    ,,810,,9801,,売掛の入金　手数料売上,ﾌｪｲｽ,,
2025/3/25,,,1112,普通預金,2,,    ,,810,,1142,売掛金,3137,,    ,,810,,11352,,売掛の入金　手数料売上,SHUHEI,,
2025/3/26,,,1112,普通預金,2,,    ,,810,,1142,売掛金,3201,,    ,,810,,2200,,売掛の入金　手数料売上,オールマイト㈱,,
2025/3/26,,,1112,普通預金,2,,    ,,810,,1142,売掛金,3079,,    ,,810,,2024,,売掛の入金　手数料売上,日成工業,,
2025/3/26,,,1112,普通預金,2,,    ,,810,,1142,売掛金,3163,,    ,,810,,17930,,売掛の入金　手数料売上,宮崎華園,,
2025/3/27,,,1112,普通預金,1,,    ,,810,,1142,売掛金,3173,,    ,,810,,9680,,売掛の入金　手数料売上,川崎市中部児童相談所,,
2025/3/27,,,1112,普通預金,1,,    ,,810,,1142,売掛金,3173,,    ,,810,,1760,,売掛の入金　手数料売上,川崎市中部児童相談所,,
2025/3/27,,,1112,普通預金,2,,    ,,810,,1142,売掛金,2026,,    ,,810,,567270,,売掛の入金　手数料売上,㈲三友商事,,
2025/3/27,,,1112,普通預金,2,,    ,,810,,1142,売掛金,3011,,    ,,810,,36168,,売掛の入金　手数料売上,イノベイションオブメディカルサービス,,
2025/3/27,,,1112,普通預金,2,,    ,,810,,1142,売掛金,3060,,    ,,810,,24123,,売掛の入金　手数料売上,太陽第一幼稚園,,
2025/3/28,,,1112,普通預金,2,,    ,,810,,1142,売掛金,3165,,    ,,810,,3300,,売掛の入金　手数料売上,㈱リフト,,
2025/3/28,,,1112,普通預金,2,,    ,,810,,1142,売掛金,3010,,    ,,810,,12386,,売掛の入金　手数料売上,㈱井出紙工,,
2025/3/31,,,1142,売掛金,3,,    ,,810,,4106,委託料売上,    ,,3,川崎委託,110,10,8968168,896816,業務委託料,,,
2025/3/31,,,6220,支払手数料,    ,,0,共通部門,310,10,1142,売掛金,3034,,    ,,810,,255,25,振込手数料相殺,ひまわり高津つどいの,,
2025/3/31,,,6220,支払手数料,    ,,0,共通部門,310,10,1142,売掛金,3126,,    ,,810,,600,60,振込手数料相殺,ﾒｯﾄﾞﾄﾗｽﾄ東京,,
2025/3/31,,,1112,普通預金,1,,    ,,810,,1142,売掛金,3,,    ,,810,,9864984,,業務委託料,川崎市,,
2025/3/31,,,1112,普通預金,1,,    ,,810,,1142,売掛金,2001,,    ,,810,,273130,,売掛の入金　手数料売上,J&T環境,,
2025/3/31,,,1112,普通預金,1,,    ,,810,,1142,売掛金,3200,,    ,,810,,165973,,売掛の入金　手数料売上,サティスファクトリー,,
2025/3/31,,,1112,普通預金,1,,    ,,810,,1142,売掛金,2010,,    ,,810,,18617,,売掛の入金　手数料売上　3月分,ﾗﾎﾞﾗﾄﾘｰ,,
2025/3/31,,,1112,普通預金,2,,    ,,810,,1142,売掛金,3045,,    ,,810,,34914,,売掛の入金　手数料売上,サンメディックス㈱,,
2025/3/31,,,1112,普通預金,2,,    ,,810,,1142,売掛金,3049,,    ,,810,,6325,,売掛の入金　手数料売上,ｼﾃｨｰ企画工業,,
2025/3/31,,,1112,普通預金,2,,    ,,810,,1142,売掛金,3118,,    ,,810,,5621,,売掛の入金　手数料売上,㈲ライフテック,,
2025/3/31,,,1112,普通預金,2,,    ,,810,,1142,売掛金,1,,    ,,810,,595716,,,㈲大興資源,,
2025/3/31,,,1112,普通預金,2,,    ,,810,,1142,売掛金,3098,,    ,,810,,15345,,売掛の入金　手数料売上,㈲フジヤモデル,,
2025/3/31,,,1112,普通預金,2,,    ,,810,,1142,売掛金,3159,,    ,,810,,110000,,売掛の入金　手数料売上,ｶﾅｲｴﾝﾀｰﾌﾟﾗｲｽﾞ,,
2025/3/31,,,1112,普通預金,2,,    ,,810,,1142,売掛金,3007,,    ,,810,,17061,,売掛の入金　手数料売上,イーストサウンド,,
2025/3/31,,,1112,普通預金,2,,    ,,810,,1142,売掛金,1007,,    ,,810,,1100,,売掛の入金　手数料売上,TKプロジェクト,,
2025/3/31,,,1112,普通預金,2,,    ,,810,,1142,売掛金,1019,,    ,,810,,4950,,売掛の入金　手数料売上,川崎オキシトン,,
2025/3/31,,,1112,普通預金,2,,    ,,810,,1142,売掛金,3106,,    ,,810,,57244,,売掛の入金　手数料売上,岬水産,,
2025/3/31,,,1112,普通預金,2,,    ,,810,,1142,売掛金,3069,,    ,,810,,1650,,売掛の入金　手数料売上,ユニック産業,,
2025/3/31,,,1112,普通預金,2,,    ,,810,,1142,売掛金,3114,,    ,,810,,27907,,売掛の入金　手数料売上,エコミット,,
2025/3/31,,,1112,普通預金,2,,    ,,810,,1142,売掛金,33,,    ,,810,,3410,,売掛の入金　手数料売上,㈱グレードアップ,,
2025/3/31,,,1112,普通預金,2,,    ,,810,,1142,売掛金,3028,,    ,,810,,159049,,売掛の入金　手数料売上,神奈川中央交通東,,
2025/3/31,,,1112,普通預金,2,,    ,,810,,1142,売掛金,3187,,    ,,810,,1980,,売掛の入金　手数料売上,㈲ｸﾞﾘｰﾝ調剤薬局,,
2025/3/31,,,1112,普通預金,2,,    ,,810,,1142,売掛金,3204,,    ,,810,,33000,,売掛の入金　手数料売上,ティーエスエンバイロ,,
2025/3/31,,,1112,普通預金,2,,    ,,810,,1142,売掛金,3070,,    ,,810,,3300,,売掛の入金　手数料売上,ﾃｨｰｴﾑ設備工業,,
2025/3/31,,,1112,普通預金,2,,    ,,810,,1142,売掛金,3058,,    ,,810,,1408,,売掛の入金　手数料売上,大丸化工,,
2025/3/31,,,1112,普通預金,2,,    ,,810,,1142,売掛金,3018,,    ,,810,,6600,,売掛の入金　手数料売上,荏原実業㈱、荏原実業中央研究所,,
2025/3/31,,,1112,普通預金,2,,    ,,810,,1142,売掛金,3017,,    ,,810,,5533,,売掛の入金　手数料売上,英和工業㈱,,
2025/3/31,,,1112,普通預金,2,,    ,,810,,1142,売掛金,3034,,    ,,810,,47812,,売掛の入金　手数料売上,長谷工シニアウエル,,
2025/3/31,,,1112,普通預金,2,,    ,,810,,1142,売掛金,3046,,    ,,810,,19921,,売掛の入金　手数料売上,賛友精機㈱,,
2025/3/31,,,1112,普通預金,2,,    ,,810,,1142,売掛金,1011,,    ,,810,,14300,,,㈱ｲｲｼｮｸ,,
2025/3/31,,,1112,普通預金,2,,    ,,810,,1142,売掛金,3126,,    ,,810,,60302,,売掛の入金　手数料売上,ﾒｯﾄﾞﾄﾗｽﾄ東京,,
2025/3/31,,,1112,普通預金,2,,    ,,810,,1142,売掛金,35,,    ,,810,,31955,,売掛の入金　手数料売上,㈱ビーナス,,
2025/3/31,,,1112,普通預金,2,,    ,,810,,1142,売掛金,3131,,    ,,810,,81389,,売掛の入金　手数料売上,㈱キンキショウジ,,
2025/3/31,,,1112,普通預金,2,,    ,,810,,1142,売掛金,3147,,    ,,810,,58432,,売掛の入金　手数料売上,㈱ワンラインシステム,,
2025/3/31,,,1112,普通預金,2,,    ,,810,,1142,売掛金,3179,,    ,,810,,6325,,売掛の入金　手数料売上,カ）ロクマル,,
2025/3/31,,,1112,普通預金,2,,    ,,810,,1142,売掛金,3048,,    ,,810,,5621,,売掛の入金　手数料売上,㈱JKB,,
2025/3/31,,,1112,普通預金,2,,    ,,810,,1142,売掛金,3185,,    ,,810,,44000,,売掛の入金　手数料売上,アイセイカイ,,
2025/3/31,,,1112,普通預金,2,,    ,,810,,1142,売掛金,3170,,    ,,810,,5621,,売掛の入金　手数料売上,アースキッズ ｽﾀｼﾞｵそら,,
2025/3/31,,,1112,普通預金,2,,    ,,810,,1142,売掛金,1017,,    ,,810,,4400,,売掛の入金　手数料売上,エスエフインフォ ｾﾝﾄﾗﾙ薬局,,
2025/3/31,,,1112,普通預金,2,,    ,,810,,1142,売掛金,1008,,    ,,810,,17930,,売掛の入金　手数料売上,エムコミュー 溝の口オフィス,,
2025/3/31,,,1112,普通預金,2,,    ,,810,,1142,売掛金,3169,,    ,,810,,5412,,売掛の入金　手数料売上,やきとりおしどり　マツイヨシオ,,
2025/3/31,,,1112,普通預金,2,,    ,,810,,1142,売掛金,3211,,    ,,810,,5830,,売掛の入金　手数料売上,スリーアール,,
2025/3/31,,,1112,普通預金,2,,    ,,810,,1142,売掛金,2011,,    ,,810,,33660,,売掛の入金　手数料売上　4月分,リーズジャパン,,
2025/3/31,,,1112,普通預金,2,,    ,,810,,1142,売掛金,3192,,    ,,810,,2200,,売掛の入金　手数料売上,㈱NTプラス,,
2025/3/31,,,1142,売掛金,3172,,    ,,810,,4103,手数料売上,    ,,1,横浜,110,10,26580,2658,3月分 手数料売上,(株)優和,,
2025/3/31,,,1142,売掛金,3098,,    ,,810,,4103,手数料売上,    ,,1,横浜,110,10,15580,1558,3月分 手数料売上,ﾌｼﾞﾔﾓﾃﾞﾙ,,
2025/3/31,,,1142,売掛金,3103,,    ,,810,,4103,手数料売上,    ,,1,横浜,110,10,1000,100,3月分 手数料売上,(有)ホリ造形スタジオ,,
2025/3/31,,,1142,売掛金,3125,,    ,,810,,4103,手数料売上,    ,,1,横浜,110,10,11180,1118,3月分 手数料売上,㈲海老民,,
2025/3/31,,,1142,売掛金,3086,,    ,,810,,4103,手数料売上,    ,,1,横浜,110,10,5110,511,3月分 手数料売上,原田管理商会,,
2025/3/31,,,1142,売掛金,3044,,    ,,810,,4103,手数料売上,    ,,1,横浜,110,10,5110,511,3月分 手数料売上,三協ｴﾝｼﾞﾆｱﾘﾝｸﾞ,,
2025/3/31,,,1142,売掛金,3054,,    ,,810,,4103,手数料売上,    ,,1,横浜,110,10,8840,884,3月分 手数料売上,㈲珠洲,,
2025/3/31,,,1142,売掛金,3107,,    ,,810,,4103,手数料売上,    ,,1,横浜,110,10,1280,128,3月分 手数料売上,水谷建築設計事務所,,
2025/3/31,,,1142,売掛金,3069,,    ,,810,,4103,手数料売上,    ,,1,横浜,110,10,1500,150,3月分 手数料売上,津田山製作所,,
2025/3/31,,,1142,売掛金,3079,,    ,,810,,4103,手数料売上,    ,,1,横浜,110,10,4540,454,3月分 手数料売上,日成工業,,
2025/3/31,,,1142,売掛金,3115,,    ,,810,,4103,手数料売上,    ,,1,横浜,110,10,1760,176,3月分 手数料売上,(有)百合丘ホーム,,
2025/3/31,,,1142,売掛金,3096,,    ,,810,,4103,手数料売上,    ,,1,横浜,110,10,25540,2554,3月分 手数料売上,富士教材,,
2025/3/31,,,1142,売掛金,3211,,    ,,810,,4103,手数料売上,    ,,1,横浜,110,10,5680,568,3月分 手数料売上,History元住吉店,,
2025/3/31,,,1142,売掛金,2001,,    ,,810,,4103,手数料売上,    ,,1,横浜,110,10,247960,24796,3月分 手数料売上,J&T環境,,
2025/3/31,,,1142,売掛金,2126,,    ,,810,,4103,手数料売上,    ,,1,横浜,110,10,20000,2000,3月分 手数料売上,NECｸﾞﾘｰﾝｽｲﾐﾝｸﾞｸﾗﾌﾞ玉川,,
2025/3/31,,,1142,売掛金,3158,,    ,,810,,4103,手数料売上,    ,,1,横浜,110,10,6820,682,3月分 手数料売上,NPO　SSS,,
2025/3/31,,,1142,売掛金,1014,,    ,,810,,4103,手数料売上,    ,,1,横浜,110,10,208920,20892,3月分 手数料売上,小杉駅周辺エリアマネ,,
2025/3/31,,,1142,売掛金,3043,,    ,,810,,4103,手数料売上,    ,,1,横浜,110,10,5470,547,3月分 手数料売上,sunnyこどもｸﾘﾆｯｸ,,
2025/3/31,,,1142,売掛金,1007,,    ,,810,,4103,手数料売上,    ,,1,横浜,110,10,1000,100,3月分 手数料売上,TKプロジェクト,,
2025/3/31,,,1142,売掛金,3185,,    ,,810,,4103,手数料売上,    ,,1,横浜,110,10,40000,4000,3月分 手数料売上,有馬病院,,
2025/3/31,,,1142,売掛金,3166,,    ,,810,,4103,手数料売上,    ,,1,横浜,110,10,3660,366,3月分 手数料売上,いっぽ　百合ヶ丘,,
2025/3/31,,,1142,売掛金,3013,,    ,,810,,4103,手数料売上,    ,,1,横浜,110,10,2760,276,3月分 手数料売上,ｲﾏｰｼﾞｱｸﾄ南加瀬,,
2025/3/31,,,1142,売掛金,3201,,    ,,810,,4103,手数料売上,    ,,1,横浜,110,10,2000,200,3月分 手数料売上,オールマイト㈱,,
2025/3/31,,,1142,売掛金,3029,,    ,,810,,4103,手数料売上,    ,,1,横浜,110,10,12780,1278,3月分 手数料売上,カフェ　ド　シュロ,,
2025/3/31,,,1142,売掛金,2011,,    ,,810,,4103,手数料売上,    ,,1,横浜,110,10,26880,2688,3月分 手数料売上,リーズジャパン,,
2025/3/31,,,1142,売掛金,3032,,    ,,810,,4103,手数料売上,    ,,1,横浜,110,10,9850,985,3月分 手数料売上,くもい歯科ｸﾘﾆｸ,,
2025/3/31,,,1142,売掛金,3187,,    ,,810,,4103,手数料売上,    ,,1,横浜,110,10,1800,180,3月分 手数料売上,グリーン調剤薬局,,
2025/3/31,,,1142,売掛金,2047,,    ,,810,,4103,手数料売上,    ,,1,横浜,110,10,127160,12716,3月分 手数料売上,京浜総合病院,,
2025/3/31,,,1142,売掛金,2047,,    ,,810,,4103,手数料売上,    ,,1,横浜,110,10,76140,7614,3月分 手数料売上,京浜総合病院,,
2025/3/31,,,1142,売掛金,3041,,    ,,810,,4103,手数料売上,    ,,1,横浜,110,10,17480,1748,3月分 手数料売上,ｺﾊﾞｯｸ亀ヶ谷ﾓｰﾀｰｽ,,
2025/3/31,,,1142,売掛金,1011,,    ,,810,,4103,手数料売上,    ,,1,横浜,110,10,16500,1650,3月分 手数料売上,こぱんはうすさくら久,,
2025/3/31,,,1142,売掛金,3042,,    ,,810,,4103,手数料売上,    ,,1,横浜,110,10,2280,228,3月分 手数料売上,さかい医院,,
2025/3/31,,,1142,売掛金,3045,,    ,,810,,4103,手数料売上,    ,,1,横浜,110,10,35450,3545,3月分 手数料売上,ｻﾝﾒﾃﾞｨｯｸｽ,,
2025/3/31,,,1142,売掛金,3049,,    ,,810,,4103,手数料売上,    ,,1,横浜,110,10,7890,789,3月分 手数料売上,ｼﾃｨｰ企画工業,,
2025/3/31,,,1142,売掛金,3170,,    ,,810,,4103,手数料売上,    ,,1,横浜,110,10,7100,710,3月分 手数料売上,スタジオそら,,
2025/3/31,,,1142,売掛金,1003,,    ,,810,,4103,手数料売上,    ,,1,横浜,110,10,2000,200,3月分 手数料売上,スナック千恵,,
2025/3/31,,,1142,売掛金,1017,,    ,,810,,4103,手数料売上,    ,,1,横浜,110,10,4000,400,3月分 手数料売上,ｾﾝﾄﾗﾙ薬局,,
2025/3/31,,,1142,売掛金,3204,,    ,,810,,4103,手数料売上,    ,,1,横浜,110,10,30000,3000,3月分 手数料売上,ティーエスエンバイロ㈱,,
2025/3/31,,,1142,売掛金,3070,,    ,,810,,4103,手数料売上,    ,,1,横浜,110,10,3000,300,3月分 手数料売上,ﾃｨｰｴﾑ設備工業,,
2025/3/31,,,1142,売掛金,2921,,    ,,810,,4103,手数料売上,    ,,1,横浜,110,10,58000,5800,3月分 手数料売上,日本動物高度医療センター,,
2025/3/31,,,1142,売掛金,3081,,    ,,810,,4103,手数料売上,    ,,1,横浜,110,10,12860,1286,3月分 手数料売上,ﾆｭｰﾀｳﾝ㈱鷺沼店,,
2025/3/31,,,1142,売掛金,3209,,    ,,810,,4103,手数料売上,    ,,1,横浜,110,10,7370,737,3月分 手数料売上,登戸ブレスケアクリニック,,
2025/3/31,,,1142,売掛金,3165,,    ,,810,,4103,手数料売上,    ,,1,横浜,110,10,4000,400,3月分 手数料売上,ハウスクリニック,,
2025/3/31,,,1142,売掛金,3034,,    ,,810,,4103,手数料売上,    ,,1,横浜,110,10,38290,3829,3月分 手数料売上,ひまわり高津つどいの,,
2025/3/31,,,1142,売掛金,3093,,    ,,810,,4103,手数料売上,    ,,1,横浜,110,10,1570,157,3月分 手数料売上,ﾌﾟｱｶｲ,,
2025/3/31,,,1142,売掛金,3095,,    ,,810,,4103,手数料売上,    ,,1,横浜,110,10,8910,891,3月分 手数料売上,ﾌｪｲｽ,,
2025/3/31,,,1142,売掛金,3134,,    ,,810,,4103,手数料売上,    ,,1,横浜,110,10,6060,606,3月分 手数料売上,ﾌﾛｰﾗﾙ夢木香,,
2025/3/31,,,1142,売掛金,3131,,    ,,810,,4103,手数料売上,    ,,1,横浜,110,10,76430,7643,3月分 手数料売上,べったこ物流,,
2025/3/31,,,1142,売掛金,3109,,    ,,810,,4103,手数料売上,    ,,1,横浜,110,10,1560,156,3月分 手数料売上,ﾒｶﾞﾈｽﾄｱ-武蔵中原店 ㈲大興資源へ請求,,
2025/3/31,,,1142,売掛金,3169,,    ,,810,,4103,手数料売上,    ,,1,横浜,110,10,5110,511,3月分 手数料売上,やきとりおしどり,,
2025/3/31,,,1142,売掛金,3112,,    ,,810,,4103,手数料売上,    ,,1,横浜,110,10,1190,119,3月分 手数料売上,やきとり山吹,,
2025/3/31,,,1142,売掛金,3114,,    ,,810,,4103,手数料売上,    ,,1,横浜,110,10,25560,2556,3月分 手数料売上,ﾕｰｽﾞﾚｯﾄ元住吉,,
2025/3/31,,,1142,売掛金,3118,,    ,,810,,4103,手数料売上,    ,,1,横浜,110,10,5110,511,3月分 手数料売上,ﾗｲﾌﾃｯｸ,,
2025/3/31,,,1142,売掛金,2010,,    ,,810,,4103,手数料売上,    ,,1,横浜,110,10,13105,1310,3月分 手数料売上,ラボラトリー,,
2025/3/31,,,1142,売掛金,3119,,    ,,810,,4103,手数料売上,    ,,1,横浜,110,10,6060,606,3月分 手数料売上,ﾗﾝﾄﾞﾗﾝﾄﾞﾘｰ　ﾗﾝﾄﾞﾗﾝﾄﾞﾘｰ読売ﾗﾝﾄﾞ店,,
2025/3/31,,,1142,売掛金,3120,,    ,,810,,4103,手数料売上,    ,,1,横浜,110,10,5380,538,3月分 手数料売上,ﾘｨｰｻﾝｸ,,
2025/3/31,,,1142,売掛金,3018,,    ,,810,,4103,手数料売上,    ,,1,横浜,110,10,3000,300,3月分 手数料売上,荏原実業,,
2025/3/31,,,1142,売掛金,3017,,    ,,810,,4103,手数料売上,    ,,1,横浜,110,10,3460,346,3月分 手数料売上,英和工業,,
2025/3/31,,,1142,売掛金,3026,,    ,,810,,4103,手数料売上,    ,,1,横浜,110,10,15060,1506,3月分 手数料売上,海鮮居酒屋　檸檬,,
2025/3/31,,,1142,売掛金,3047,,    ,,810,,4103,手数料売上,    ,,1,横浜,110,10,1500,150,3月分 手数料売上,(株)ＧＮＥ,,
2025/3/31,,,1142,売掛金,3048,,    ,,810,,4103,手数料売上,    ,,1,横浜,110,10,4920,492,3月分 手数料売上,JKB,,
2025/3/31,,,1142,売掛金,3192,,    ,,810,,4103,手数料売上,    ,,1,横浜,110,10,6000,600,3月分 手数料売上,㈱NTプラス,,
2025/3/31,,,1142,売掛金,3137,,    ,,810,,4103,手数料売上,    ,,1,横浜,110,10,10480,1048,3月分 手数料売上,SHUHEI,,
2025/3/31,,,1142,売掛金,3001,,    ,,810,,4103,手数料売上,    ,,1,横浜,110,10,2690,269,3月分 手数料売上,あおば,,
2025/3/31,,,1142,売掛金,3207,,    ,,810,,4103,手数料売上,    ,,1,横浜,110,10,13600,1360,3月分 手数料売上,㈱ｱﾗｲﾝ,,
2025/3/31,,,1142,売掛金,3007,,    ,,810,,4103,手数料売上,    ,,1,横浜,110,10,15660,1566,3月分 手数料売上,ｲｰｽﾄｻｳﾝﾄﾞ,,
2025/3/31,,,1142,売掛金,3011,,    ,,810,,4103,手数料売上,    ,,1,横浜,110,10,31500,3150,3月分 手数料売上,ｲﾉﾍﾞｲｼｮﾝｵﾌﾞﾒﾃﾞｨｶﾙｻｰﾋ,,
2025/3/31,,,1142,売掛金,3159,,    ,,810,,4103,手数料売上,    ,,1,横浜,110,10,100000,10000,3月分 手数料売上,株式会社カナイエンタ,,
2025/3/31,,,6220,支払手数料,    ,,0,共通部門,310,10,1142,売掛金,3200,,    ,,810,,600,60,振込手数料,,,
2025/3/31,,,1142,売掛金,3200,,    ,,810,,4103,手数料売上,    ,,1,横浜,110,10,151485,15148,3月分 手数料売上,㈱サティスファクトリーBPO本部運用管理部,,
2025/3/31,,,1142,売掛金,3052,,    ,,810,,4103,手数料売上,    ,,1,横浜,110,10,5840,584,3月分 手数料売上,ｼﾞｬｸｴﾂ,,
2025/3/31,,,1142,売掛金,3205,,    ,,810,,4103,手数料売上,    ,,1,横浜,110,10,18000,1800,3月分 手数料売上,㈱ジャパンプロセス,,
2025/3/31,,,1142,売掛金,3059,,    ,,810,,4103,手数料売上,    ,,1,横浜,110,10,29590,2959,3月分 手数料売上,ﾀｲﾔ館京浜高津,,
2025/3/31,,,1142,売掛金,3182,,    ,,810,,4103,手数料売上,    ,,1,横浜,110,10,12080,1208,3月分 手数料売上,㈱メイツ電子,,
2025/3/31,,,1142,売掛金,3126,,    ,,810,,4103,手数料売上,    ,,1,横浜,110,10,59650,5965,3月分 手数料売上,㈱ﾒｯﾄﾞﾄﾗｽﾄ東京,,
2025/3/31,,,1142,売掛金,3147,,    ,,810,,4103,手数料売上,    ,,1,横浜,110,10,49040,4904,3月分 手数料売上,ワンラインシステム,,
2025/3/31,,,1142,売掛金,3010,,    ,,810,,4103,手数料売上,    ,,1,横浜,110,10,11910,1191,3月分 手数料売上,井出紙工,,
2025/3/31,,,1142,売掛金,2024,,    ,,810,,4103,手数料売上,    ,,1,横浜,110,10,245700,24570,3月分 手数料売上,環境ｵﾌﾟﾃｨﾏﾙ,,
2025/3/31,,,1142,売掛金,3163,,    ,,810,,4103,手数料売上,    ,,1,横浜,110,10,16490,1649,3月分 手数料売上,宮崎華園,,
2025/3/31,,,1142,売掛金,1008,,    ,,810,,4103,手数料売上,    ,,1,横浜,110,10,9000,900,3月分 手数料売上,溝の口オフィス,,
2025/3/31,,,1142,売掛金,3108,,    ,,810,,4103,手数料売上,    ,,1,横浜,110,10,1500,150,3月分 手数料売上,溝ノ口製麺渡辺商店,,
2025/3/31,,,1142,売掛金,3031,,    ,,810,,4103,手数料売上,    ,,1,横浜,110,10,8750,875,3月分 手数料売上,ｷｭｰﾋﾞｯｸｽ,,
2025/3/31,,,1142,売掛金,2026,,    ,,810,,4103,手数料売上,    ,,1,横浜,110,10,726600,72660,3月分 手数料売上,三友商事,,
2025/3/31,,,1142,売掛金,3046,,    ,,810,,4103,手数料売上,    ,,1,横浜,110,10,14980,1498,3月分 手数料売上,賛友精機,,
2025/3/31,,,1142,売掛金,3051,,    ,,810,,4103,手数料売上,    ,,1,横浜,110,10,33490,3349,3月分 手数料売上,七五三寿司,,
2025/3/31,,,1142,売掛金,3022,,    ,,810,,4103,手数料売上,    ,,1,横浜,110,10,2560,256,3月分 手数料売上,小笠原会計事務所,,
2025/3/31,,,1142,売掛金,3053,,    ,,810,,4103,手数料売上,    ,,1,横浜,110,10,25060,2506,3月分 手数料売上,昇辰電気,,
2025/3/31,,,1142,売掛金,3056,,    ,,810,,4103,手数料売上,    ,,1,横浜,110,10,14680,1468,3月分 手数料売上,新富,,
2025/3/31,,,1142,売掛金,3028,,    ,,810,,4103,手数料売上,    ,,1,横浜,110,10,50660,5066,3月分 手数料売上,神奈川中央交通東,,
2025/3/31,,,1142,売掛金,3030,,    ,,810,,4103,手数料売上,    ,,1,横浜,110,10,3290,329,3月分 手数料売上,川崎建設,,
2025/3/31,,,1142,売掛金,3173,,    ,,810,,4103,手数料売上,    ,,1,横浜,110,10,16400,1640,3月分 手数料売上,川崎市中部児童相談所,,
2025/3/31,,,1142,売掛金,3066,,    ,,810,,4103,手数料売上,    ,,1,横浜,110,10,5110,511,3月分 手数料売上,多摩食事ｻｰﾋﾞｽかりん,,
2025/3/31,,,1142,売掛金,3060,,    ,,810,,4103,手数料売上,    ,,1,横浜,110,10,32210,3221,3月分 手数料売上,太陽第一幼稚園,,
2025/3/31,,,1142,売掛金,3058,,    ,,810,,4103,手数料売上,    ,,1,横浜,110,10,1840,184,3月分 手数料売上,大丸化工,,
2025/3/31,,,1142,売掛金,3068,,    ,,810,,4103,手数料売上,    ,,1,横浜,110,10,9350,935,3月分 手数料売上,地質計測,,
2025/3/31,,,1142,売掛金,3129,,    ,,810,,4103,手数料売上,    ,,1,横浜,110,10,5110,511,3月分 手数料売上,中華福林,,
2025/3/31,,,1142,売掛金,3148,,    ,,810,,4103,手数料売上,    ,,1,横浜,110,10,30040,3004,3月分 手数料売上,中日本ｴｸｽﾄｰﾙ,,
2025/3/31,,,1142,売掛金,3073,,    ,,810,,4103,手数料売上,    ,,1,横浜,110,10,5132,513,3月分 手数料売上,東洋ｴﾚﾒﾝﾄ工業㈱,,
2025/3/31,,,1142,売掛金,1009,,    ,,810,,4103,手数料売上,    ,,1,横浜,110,10,500,50,3月分 手数料売上,二宮内科・小児科クリ,,
2025/3/31,,,1142,売掛金,3099,,    ,,810,,4103,手数料売上,    ,,1,横浜,110,10,7490,749,3月分 手数料売上,二子新地整骨院,,
2025/3/31,,,1142,売掛金,3008,,    ,,810,,4103,手数料売上,    ,,1,横浜,110,10,3880,388,3月分 手数料売上,板垣電子工業,,
2025/3/31,,,1142,売掛金,1012,,    ,,810,,4103,手数料売上,    ,,1,横浜,110,10,5000,500,3月分 手数料売上,美・デザイン ㈲大興資源へ請求,,
2025/3/31,,,1142,売掛金,3091,,    ,,810,,4103,手数料売上,    ,,1,横浜,110,10,1190,119,3月分 手数料売上,美容室コパン,,
2025/3/31,,,1142,売掛金,3097,,    ,,810,,4103,手数料売上,    ,,1,横浜,110,10,12740,1274,3月分 手数料売上,不二ﾌﾟﾗﾝﾄ工業㈱,,
2025/3/31,,,1142,売掛金,3106,,    ,,810,,4103,手数料売上,    ,,1,横浜,110,10,54130,5413,3月分 手数料売上,岬水産,,
2025/3/31,,,1142,売掛金,3084,,    ,,810,,4103,手数料売上,    ,,1,横浜,110,10,8370,837,3月分 手数料売上,林整形外科,,
2025/3/31,,,1142,売掛金,2543,,    ,,810,,4103,手数料売上,    ,,1,横浜,110,10,31500,3150,3月分 手数料売上,ブリヂストンタイヤソリューションジャパン,,
2025/3/31,,,1142,売掛金,35,,    ,,810,,4103,手数料売上,    ,,1,横浜,110,10,30370,3037,3月分 手数料売上,リハフロンティア株式,,
2025/3/31,,,1142,売掛金,2126,,    ,,810,,4103,手数料売上,    ,,1,横浜,110,10,20000,2000,3月分 手数料売上,NECｸﾞﾘｰﾝｽｲﾐﾝｸﾞｸﾗﾌﾞ玉川,,
2025/3/31,,,1142,売掛金,34,,    ,,810,,4103,手数料売上,    ,,1,横浜,110,10,3570,357,3月分 手数料売上,㈱siesta,,
2025/3/31,,,1142,売掛金,33,,    ,,810,,4103,手数料売上,    ,,1,横浜,110,10,5620,562,3月分 手数料売上,㈱Gradeup,,
2025/3/31,,,1142,売掛金,39,,    ,,810,,4103,手数料売上,    ,,1,横浜,110,10,6440,644,3月分 手数料売上,ｶﾒﾊﾁﾍﾞｰｶﾘｰ,,
2025/3/31,,,1142,売掛金,3227,,    ,,810,,4103,手数料売上,    ,,1,横浜,110,10,1500,150,3月分 手数料売上,登戸駅前地区市街地再開発組合,,
2025/3/31,,,1142,売掛金,3228,,    ,,810,,4103,手数料売上,    ,,1,横浜,110,10,4920,492,3月分 手数料売上,㈱hope(放課後デイサービスkanoa),,
2025/3/31,,,1142,売掛金,2,,    ,,810,,4102,作業料売上　ｺﾂﾞｶ㈱,    ,,1,横浜,110,10,180000,18000,こづか事務手数料（千葉さん・的場さん）,こづか㈱,,
2025/3/31,,,1142,売掛金,2,,    ,,810,,4105,商品売上,    ,,1,横浜,110,10,308618,30861,手数料売上　こづか㈱,こづか㈱,,
2025/3/31,,,1101,現金,    ,,    ,,810,,1142,売掛金,3108,,    ,,810,,1606,,,㈲溝の口製麺渡辺商店,,
2025/3/31,,,1142,売掛金,1,,    ,,810,,4101,作業料売上　㈲大興資源,    ,,1,横浜,110,10,530000,53000,廃棄物収集請負,㈲大興資源,,
2025/3/31,,,1142,売掛金,1,,    ,,810,,1142,売掛金,1012,,    ,,810,,1100,,㈲大興資源へ入金された,,,
2025/4/1,,,9999,諸口,    ,,    ,,810,,1142,売掛金,3086,,    ,,810,,6039,,売掛の入金　手数料売上,㈲原田管理商会,,
2025/4/1,,,9999,諸口,    ,,    ,,810,,1142,売掛金,3119,,    ,,810,,7084,,売掛の入金　手数料売上,㈲原田管理商会,,
2025/4/1,,,9999,諸口,    ,,    ,,810,,1142,売掛金,3029,,    ,,810,,13013,,売掛の入金　手数料売上,㈲原田管理商会,,
2025/4/4,,,1112,普通預金,2,,    ,,810,,1142,売掛金,3081,,    ,,810,,14146,,売掛の入金　手数料売上,ニュータウン鷺沼,,
2025/4/4,,,1112,普通預金,2,,    ,,810,,1142,売掛金,3125,,    ,,810,,12298,,売掛の入金　手数料売上,海老民,,
2025/4/4,,,1112,普通預金,2,,    ,,810,,1142,売掛金,3084,,    ,,810,,9207,,売掛の入金　手数料売上,ハヤシ　オウスケ,,
2025/4/4,,,1112,普通預金,2,,    ,,810,,1142,売掛金,3043,,    ,,810,,6017,,売掛の入金　手数料売上,サニーサイド,,
2025/4/5,,,1112,普通預金,2,,    ,,810,,1142,売掛金,3091,,    ,,810,,1309,,売掛の入金　手数料売上,こぱんはすさくら久末教室,,
2025/4/6,,,1112,普通預金,2,,    ,,810,,1142,売掛金,39,,    ,,810,,7084,,売掛の入金　手数料売上,カメハチベーカリー,,
2025/4/7,,,1112,普通預金,1,,    ,,810,,1142,売掛金,3207,,    ,,810,,14575,,売掛の入金　手数料売上,㈱アライン,,
2025/4/7,,,1112,普通預金,2,,    ,,810,,1142,売掛金,3044,,    ,,810,,5621,,売掛の入金　手数料売上,㈲三協エンジニアリング,,
2025/4/7,,,1112,普通預金,2,,    ,,810,,1142,売掛金,3209,,    ,,810,,8107,,売掛の入金　手数料売上,ツチヤ　セイコ,,
2025/4/7,,,1112,普通預金,2,,    ,,810,,1142,売掛金,3182,,    ,,810,,13288,,売掛の入金　手数料売上,メイツ電子,,
2025/4/7,,,1112,普通預金,2,,    ,,810,,1142,売掛金,3031,,    ,,810,,9625,,売掛の入金　手数料売上,キュービクス,,
2025/4/7,,,1112,普通預金,2,,    ,,810,,1142,売掛金,3115,,    ,,810,,1936,,売掛の入金　手数料売上,㈲百合丘ホーム,,
2025/4/7,,,1112,普通預金,2,,    ,,810,,1142,売掛金,3112,,    ,,810,,1309,,売掛の入金　手数料売上　5月分,やきとり山吹,,
2025/4/7,,,1112,普通預金,2,,    ,,810,,1142,売掛金,3129,,    ,,810,,5621,,売掛の入金　手数料売上　5月分,中華福林,,
2025/4/7,,,1112,普通預金,2,,    ,,810,,1142,売掛金,3032,,    ,,810,,10835,,売掛の入金　手数料売上　5月分,くもい歯科（ｸﾓｲﾋﾃﾞｷ,,
2025/4/7,,,6231,雑費,    ,,0,共通部門,511,10,1142,売掛金,3207,,    ,,810,,350,35,振込手数料,,,
2025/4/8,,,6220,支払手数料,    ,,0,共通部門,310,10,1142,売掛金,2024,,    ,,810,,350,35,振込手数料相殺,環境オプティマル,,
2025/4/8,,,1112,普通預金,2,,    ,,810,,1142,売掛金,3026,,    ,,810,,16566,,売掛の入金　手数料売上,セト　ケンジ,,
2025/4/8,,,1112,普通預金,2,,    ,,810,,1142,売掛金,1014,,    ,,810,,229812,,売掛の入金　手数料売上　9月分,小杉駅駅前周辺,,
2025/4/8,,,1112,普通預金,2,,    ,,810,,1142,売掛金,3042,,    ,,810,,2508,,売掛の入金　手数料売上,さかい医院,,
2025/4/9,,,1112,普通預金,2,,    ,,810,,1142,売掛金,3205,,    ,,810,,19800,,売掛の入金　手数料売上,㈱ジャパンプロセス,,
2025/4/9,,,1112,普通預金,2,,    ,,810,,1142,売掛金,3001,,    ,,810,,2959,,売掛の入金　手数料売上　6月分,あおば,,
2025/4/9,,,1112,普通預金,2,,    ,,810,,1142,売掛金,3103,,    ,,810,,1100,,売掛の入金　手数料売上,㈲ホリ造形スタジオ,,
2025/4/10,,,1112,普通預金,2,,    ,,810,,1142,売掛金,2024,,    ,,810,,266585,,売掛の入金　手数料売上,環境オプティマル,,
2025/4/10,,,1112,普通預金,2,,    ,,810,,1142,売掛金,2047,,    ,,810,,19184,,売掛の入金　手数料売上,京浜予防医学研究所,,
2025/4/10,,,1112,普通預金,2,,    ,,810,,1142,売掛金,3053,,    ,,810,,26422,,売掛の入金　手数料売上,昇辰電気,,
2025/4/10,,,1112,普通預金,2,,    ,,810,,1142,売掛金,3066,,    ,,810,,5621,,売掛の入金　手数料売上,多摩食事ｻｰﾋﾞｽかりん,,
2025/4/10,,,1112,普通預金,2,,    ,,810,,1142,売掛金,2,,    ,,810,,339479,,振込　コツ゛カ（カ,,,
2025/4/10,,,1112,普通預金,2,,    ,,810,,1142,売掛金,2,,    ,,810,,198000,,振込　コツ゛カ（カ,,,
2025/4/10,,,1112,普通預金,2,,    ,,810,,1142,売掛金,3099,,    ,,810,,8239,,売掛の入金　手数料売上,二子新地整骨院,,
2025/4/10,,,1101,現金,    ,,    ,,810,,1142,売掛金,1003,,    ,,810,,20900,,,スナック千恵,,
2025/4/10,,,1101,現金,    ,,    ,,810,,1142,売掛金,1003,,    ,,810,,2200,,,スナック千恵,,
2025/4/10,,,6220,支払手数料,    ,,0,共通部門,310,10,1142,売掛金,2047,,    ,,810,,250,25,振込手数料,,,
2025/4/13,,,1112,普通預金,2,,    ,,810,,1142,売掛金,3093,,    ,,810,,1727,,売掛の入金　手数料売上,プアカイナチュラルスペース,,
2025/4/14,,,1112,普通預金,2,,    ,,810,,1142,売掛金,3052,,    ,,810,,6424,,売掛の入金　手数料売上,㈱ジャクエツ,,
2025/4/14,,,1112,普通預金,2,,    ,,810,,1142,売掛金,3107,,    ,,810,,2816,,売掛の入金　手数料売上,水谷建築設計,,
2025/4/14,,,1112,普通預金,2,,    ,,810,,1142,売掛金,3051,,    ,,810,,36839,,売掛の入金　手数料売上,七五三寿司,,
2025/4/15,,,1112,普通預金,2,,    ,,810,,1142,売掛金,3073,,    ,,810,,5645,,売掛の入金　手数料売上,東洋エレメント工業,,
2025/4/15,,,1112,普通預金,2,,    ,,810,,1142,売掛金,3120,,    ,,810,,5918,,売掛の入金　手数料売上,ﾘｨｰｻﾝｸ,,
2025/4/15,,,1112,普通預金,2,,    ,,810,,1142,売掛金,3030,,    ,,810,,3619,,売掛の入金　手数料売上　5月分,川崎建設,,
2025/4/15,,,1112,普通預金,2,,    ,,810,,1142,売掛金,3148,,    ,,810,,33044,,売掛の入金　手数料売上,中日本エクストール,,
2025/4/16,,,1112,普通預金,1,,    ,,810,,1142,売掛金,3173,,    ,,810,,16280,,売掛の入金　手数料売上,川崎市中部児童相談所,,
2025/4/16,,,1112,普通預金,1,,    ,,810,,1142,売掛金,3173,,    ,,810,,1760,,売掛の入金　手数料売上,川崎市中部児童相談所,,
2025/4/17,,,1112,普通預金,2,,    ,,810,,1142,売掛金,3054,,    ,,810,,9724,,売掛の入金　手数料売上　4月分,(有)珠洲,,
2025/4/17,,,1112,普通預金,2,,    ,,810,,1142,売掛金,3096,,    ,,810,,28094,,売掛の入金　手数料売上　4月分,富士教材,,
2025/4/18,,,1112,普通預金,2,,    ,,810,,1142,売掛金,3097,,    ,,810,,14014,,売掛の入金　手数料売上,不二ﾌﾟﾗﾝﾄ工業,,
2025/4/18,,,1112,普通預金,2,,    ,,810,,1142,売掛金,3228,,    ,,810,,5412,,売掛の入金　手数料売上,㈱hope,,
2025/4/18,,,1112,普通預金,2,,    ,,810,,1142,売掛金,34,,    ,,810,,5236,,売掛の入金　手数料売上,㈱シエスタ,,
2025/4/21,,,1112,普通預金,1,,    ,,810,,1142,売掛金,2047,,    ,,810,,139876,,売掛の入金　手数料売上,京浜総合病院,,
2025/4/21,,,1112,普通預金,2,,    ,,810,,1142,売掛金,3214,,    ,,810,,25300,,振込　カ）エヌイ－シ－ライヘ゛ツクス,,,
2025/4/21,,,1112,普通預金,2,,    ,,810,,1142,売掛金,2126,,    ,,810,,44000,,振込　カ）エヌイ－シ－ライヘ゛ツクス,,,
2025/4/21,,,1112,普通預金,2,,    ,,810,,1142,売掛金,3059,,    ,,810,,32549,,売掛の入金　手数料売上,ブリヂストンリテール,,
2025/4/21,,,1112,普通預金,2,,    ,,810,,1142,売掛金,3060,,    ,,810,,35431,,売掛の入金　手数料売上,太陽第一幼稚園,,
2025/4/21,,,1112,普通預金,2,,    ,,810,,1142,売掛金,3095,,    ,,810,,9801,,売掛の入金　手数料売上,ﾌｪｲｽ,,
2025/4/23,,,1112,普通預金,2,,    ,,810,,1142,売掛金,3056,,    ,,810,,16148,,売掛の入金　手数料売上,新富,,
2025/4/23,,,1112,普通預金,2,,    ,,810,,1142,売掛金,3134,,    ,,810,,6666,,売掛の入金　手数料売上,シバタ　ヒロアキ,,
2025/4/24,,,1112,普通預金,2,,    ,,810,,1142,売掛金,3022,,    ,,810,,2816,,売掛の入金　手数料売上,小笠原会計事務所,,
2025/4/25,,,1112,普通預金,2,,    ,,810,,1142,売掛金,3201,,    ,,810,,2200,,売掛の入金　手数料売上,オールマイト㈱,,
2025/4/25,,,1112,普通預金,2,,    ,,810,,1142,売掛金,3158,,    ,,810,,7502,,売掛の入金　手数料売上,セキュリティライフ,,
2025/4/25,,,1112,普通預金,2,,    ,,810,,1142,売掛金,2921,,    ,,810,,63800,,売掛の入金　手数料売上,㈱日本動物高度医療センター,,
2025/4/25,,,1112,普通預金,2,,    ,,810,,1142,売掛金,3041,,    ,,810,,19228,,売掛の入金　手数料売上,㈲亀ヶ谷モータース,,
2025/4/25,,,1112,普通預金,2,,    ,,810,,1142,売掛金,3008,,    ,,810,,4268,,売掛の入金　手数料売上,板垣電子工業,,
2025/4/25,,,1112,普通預金,2,,    ,,810,,1142,売掛金,3010,,    ,,810,,13101,,売掛の入金　手数料売上,㈱井出紙工,,
2025/4/25,,,1112,普通預金,2,,    ,,810,,1142,売掛金,1009,,    ,,810,,550,,売掛の入金　手数料売上,二宮内科小児科クリニック,,
2025/4/26,,,1112,普通預金,2,,    ,,810,,1142,売掛金,3169,,    ,,810,,5621,,売掛の入金　手数料売上,やきとりおしどり　マツイヨシオ,,
2025/4/28,,,6220,支払手数料,    ,,0,共通部門,310,10,1142,売掛金,3034,,    ,,810,,255,25,振込手数料相殺,ひまわり高津つどいの,,
2025/4/28,,,6220,支払手数料,    ,,0,共通部門,310,10,1142,売掛金,3126,,    ,,810,,600,60,振込手数料相殺,ﾒｯﾄﾞﾄﾗｽﾄ東京,,
2025/4/28,,,1112,普通預金,2,,    ,,810,,1142,売掛金,2026,,    ,,810,,799260,,売掛の入金　手数料売上,㈲三友商事,,
2025/4/28,,,1112,普通預金,2,,    ,,810,,1142,売掛金,3165,,    ,,810,,4400,,売掛の入金　手数料売上,㈱リフト,,
2025/4/28,,,1112,普通預金,2,,    ,,810,,1142,売掛金,3137,,    ,,810,,11528,,売掛の入金　手数料売上,SHUHEI,,
2025/4/28,,,1112,普通預金,2,,    ,,810,,1142,売掛金,3011,,    ,,810,,34650,,売掛の入金　手数料売上,イノベイションオブメディカルサービス,,
2025/4/28,,,1112,普通預金,2,,    ,,810,,1142,売掛金,3079,,    ,,810,,4994,,売掛の入金　手数料売上,日成工業,,
2025/4/29,,,1112,普通預金,2,,    ,,810,,1142,売掛金,1011,,    ,,810,,18150,,,㈱ｲｲｼｮｸ,,
2025/4/30,,,1142,売掛金,3,,    ,,810,,4106,委託料売上,    ,,3,川崎委託,110,10,8968167,896816,業務委託料,,,
2025/4/30,,,1142,売掛金,3006,,    ,,810,,6220,支払手数料,    ,,0,共通部門,511,10,328,32,振込手数料,,,
2025/4/30,,,1142,売掛金,3115,,    ,,810,,6220,支払手数料,    ,,0,共通部門,511,10,380,38,振込手数料,,,
2025/4/30,,,1142,売掛金,2026,,    ,,810,,4103,手数料売上,    ,,1,横浜,110,10,927300,92730,4月分 手数料売上,三友商事,,
2025/4/30,,,1142,売掛金,2024,,    ,,810,,4103,手数料売上,    ,,1,横浜,110,10,239700,23970,4月分 手数料売上,環境ｵﾌﾟﾃｨﾏﾙ,,
2025/4/30,,,1142,売掛金,2001,,    ,,810,,4103,手数料売上,    ,,1,横浜,110,10,238260,23826,4月分 手数料売上,J&T環境,,
2025/4/30,,,1142,売掛金,3052,,    ,,810,,4103,手数料売上,    ,,1,横浜,110,10,160000,16000,4月分 手数料売上,ｼﾞｬｸｴﾂ,,
2025/4/30,,,1142,売掛金,3200,,    ,,810,,4103,手数料売上,    ,,1,横浜,110,10,151485,15148,4月分 手数料売上,㈱サティスファクトリーBPO本部運用管理部,,
2025/4/30,,,1142,売掛金,3097,,    ,,810,,4103,手数料売上,    ,,1,横浜,110,10,139960,13996,4月分 手数料売上,不二ﾌﾟﾗﾝﾄ工業㈱,,
2025/4/30,,,1142,売掛金,2047,,    ,,810,,4103,手数料売上,    ,,1,横浜,110,10,116345,11634,4月分 手数料売上,京浜総合病院,,
2025/4/30,,,1142,売掛金,3159,,    ,,810,,4103,手数料売上,    ,,1,横浜,110,10,100000,10000,4月分 手数料売上,株式会社カナイエンタ,,
2025/4/30,,,1142,売掛金,3053,,    ,,810,,4103,手数料売上,    ,,1,横浜,110,10,73776,7377,4月分 手数料売上,昇辰電気,,
2025/4/30,,,1142,売掛金,3131,,    ,,810,,4103,手数料売上,    ,,1,横浜,110,10,68860,6886,4月分 手数料売上,べったこ物流,,
2025/4/30,,,1142,売掛金,2042,,    ,,810,,4103,手数料売上,    ,,1,横浜,110,10,63000,6300,4月分 手数料売上,富士見商事㈱,,
2025/4/30,,,1142,売掛金,2921,,    ,,810,,4103,手数料売上,    ,,1,横浜,110,10,58000,5800,4月分 手数料売上,日本動物高度医療センター,,
2025/4/30,,,1142,売掛金,3106,,    ,,810,,4103,手数料売上,    ,,1,横浜,110,10,56130,5613,4月分 手数料売上,岬水産,,
2025/4/30,,,1142,売掛金,3126,,    ,,810,,4103,手数料売上,    ,,1,横浜,110,10,55140,5514,4月分 手数料売上,㈱ﾒｯﾄﾞﾄﾗｽﾄ東京,,
2025/4/30,,,1142,売掛金,3028,,    ,,810,,4103,手数料売上,    ,,1,横浜,110,10,48390,4839,4月分 手数料売上,神奈川中央交通東,,
2025/4/30,,,1142,売掛金,3147,,    ,,810,,4103,手数料売上,    ,,1,横浜,110,10,45800,4580,4月分 手数料売上,ワンラインシステム,,
2025/4/30,,,1142,売掛金,3185,,    ,,810,,4103,手数料売上,    ,,1,横浜,110,10,40000,4000,4月分 手数料売上,有馬病院,,
2025/4/30,,,1142,売掛金,3045,,    ,,810,,4103,手数料売上,    ,,1,横浜,110,10,34910,3491,4月分 手数料売上,ｻﾝﾒﾃﾞｨｯｸｽ,,
2025/4/30,,,1142,売掛金,3034,,    ,,810,,4103,手数料売上,    ,,1,横浜,110,10,34850,3485,4月分 手数料売上,ひまわり高津つどいの,,
2025/4/30,,,1142,売掛金,3059,,    ,,810,,4103,手数料売上,    ,,1,横浜,110,10,32890,3289,4月分 手数料売上,ﾀｲﾔ館京浜高津,,
2025/4/30,,,1142,売掛金,3060,,    ,,810,,4103,手数料売上,    ,,1,横浜,110,10,32760,3276,4月分 手数料売上,太陽第一幼稚園,,
2025/4/30,,,1142,売掛金,3011,,    ,,810,,4103,手数料売上,    ,,1,横浜,110,10,32290,3229,4月分 手数料売上,ｲﾉﾍﾞｲｼｮﾝｵﾌﾞﾒﾃﾞｨｶﾙｻｰﾋ,,
2025/4/30,,,1142,売掛金,3051,,    ,,810,,4103,手数料売上,    ,,1,横浜,110,10,32190,3219,4月分 手数料売上,七五三寿司,,
2025/4/30,,,1142,売掛金,2543,,    ,,810,,4103,手数料売上,    ,,1,横浜,110,10,31500,3150,4月分 手数料売上,ブリヂストンタイヤソリューションジャパン,,
2025/4/30,,,1142,売掛金,3204,,    ,,810,,4103,手数料売上,    ,,1,横浜,110,10,30000,3000,4月分 手数料売上,ティーエスエンバイロ㈱,,
2025/4/30,,,1142,売掛金,3096,,    ,,810,,4103,手数料売上,    ,,1,横浜,110,10,28740,2874,4月分 手数料売上,富士教材,,
2025/4/30,,,1142,売掛金,3148,,    ,,810,,4103,手数料売上,    ,,1,横浜,110,10,28400,2840,4月分 手数料売上,中日本ｴｸｽﾄｰﾙ,,
2025/4/30,,,1142,売掛金,35,,    ,,810,,4103,手数料売上,    ,,1,横浜,110,10,28320,2832,4月分 手数料売上,リハフロンティア株式,,
2025/4/30,,,1142,売掛金,3172,,    ,,810,,4103,手数料売上,    ,,1,横浜,110,10,28240,2824,4月分 手数料売上,(株)優和,,
2025/4/30,,,1142,売掛金,3137,,    ,,810,,4103,手数料売上,    ,,1,横浜,110,10,27230,2723,4月分 手数料売上,SHUHEI,,
2025/4/30,,,1142,売掛金,2011,,    ,,810,,4103,手数料売上,    ,,1,横浜,110,10,26730,2673,4月分 手数料売上,リーズジャパン,,
2025/4/30,,,1142,売掛金,3046,,    ,,810,,4103,手数料売上,    ,,1,横浜,110,10,25410,2541,4月分 手数料売上,賛友精機,,
2025/4/30,,,1142,売掛金,3114,,    ,,810,,4103,手数料売上,    ,,1,横浜,110,10,25180,2518,4月分 手数料売上,ﾕｰｽﾞﾚｯﾄ元住吉,,
2025/4/30,,,1142,売掛金,2047,,    ,,810,,4103,手数料売上,    ,,1,横浜,110,10,20880,2088,4月分 手数料売上,京浜総合病院,,
2025/4/30,,,1142,売掛金,3010,,    ,,810,,4103,手数料売上,    ,,1,横浜,110,10,18330,1833,4月分 手数料売上,井出紙工,,
2025/4/30,,,1142,売掛金,3205,,    ,,810,,4103,手数料売上,    ,,1,横浜,110,10,18000,1800,4月分 手数料売上,㈱ジャパンプロセス,,
2025/4/30,,,1142,売掛金,3041,,    ,,810,,4103,手数料売上,    ,,1,横浜,110,10,17170,1717,4月分 手数料売上,ｺﾊﾞｯｸ亀ヶ谷ﾓｰﾀｰｽ,,
2025/4/30,,,1142,売掛金,3163,,    ,,810,,4103,手数料売上,    ,,1,横浜,110,10,16870,1687,4月分 手数料売上,宮崎華園,,
2025/4/30,,,1142,売掛金,3098,,    ,,810,,4103,手数料売上,    ,,1,横浜,110,10,16000,1600,4月分 手数料売上,ﾌｼﾞﾔﾓﾃﾞﾙ,,
2025/4/30,,,1142,売掛金,3173,,    ,,810,,4103,手数料売上,    ,,1,横浜,110,10,15600,1560,4月分 手数料売上,川崎市中部児童相談所,,
2025/4/30,,,1142,売掛金,3192,,    ,,810,,4103,手数料売上,    ,,1,横浜,110,10,14000,1400,4月分 手数料売上,㈱NTプラス,,
2025/4/30,,,1142,売掛金,3207,,    ,,810,,4103,手数料売上,    ,,1,横浜,110,10,13600,1360,4月分 手数料売上,㈱ｱﾗｲﾝ,,
2025/4/30,,,1142,売掛金,3026,,    ,,810,,4103,手数料売上,    ,,1,横浜,110,10,13350,1335,4月分 手数料売上,海鮮居酒屋　檸檬,,
2025/4/30,,,1142,売掛金,3056,,    ,,810,,4103,手数料売上,    ,,1,横浜,110,10,13160,1316,4月分 手数料売上,新富,,
2025/4/30,,,1142,売掛金,2010,,    ,,810,,4103,手数料売上,    ,,1,横浜,110,10,12665,1266,4月分 手数料売上,ラボラトリー,,
2025/4/30,,,1142,売掛金,3081,,    ,,810,,4103,手数料売上,    ,,1,横浜,110,10,12220,1222,4月分 手数料売上,ﾆｭｰﾀｳﾝ㈱鷺沼店,,
2025/4/30,,,1142,売掛金,3182,,    ,,810,,4103,手数料売上,    ,,1,横浜,110,10,12080,1208,4月分 手数料売上,㈱メイツ電子,,
2025/4/30,,,1142,売掛金,3029,,    ,,810,,4103,手数料売上,    ,,1,横浜,110,10,11830,1183,4月分 手数料売上,カフェ　ド　シュロ,,
2025/4/30,,,1142,売掛金,3007,,    ,,810,,4103,手数料売上,    ,,1,横浜,110,10,11830,1183,4月分 手数料売上,ｲｰｽﾄｻｳﾝﾄﾞ,,
2025/4/30,,,1142,売掛金,3125,,    ,,810,,4103,手数料売上,    ,,1,横浜,110,10,11180,1118,4月分 手数料売上,㈲海老民,,
2025/4/30,,,1142,売掛金,3015,,    ,,810,,4103,手数料売上,    ,,1,横浜,110,10,11100,1110,4月分 手数料売上,ｲﾝﾃﾘｱ大山,,
2025/4/30,,,1142,売掛金,3119,,    ,,810,,4103,手数料売上,    ,,1,横浜,110,10,11080,1108,4月分 手数料売上,ﾗﾝﾄﾞﾗﾝﾄﾞﾘｰ　ﾗﾝﾄﾞﾗﾝﾄﾞﾘｰ読売ﾗﾝﾄﾞ店,,
2025/4/30,,,1142,売掛金,3148,,    ,,810,,4103,手数料売上,    ,,1,横浜,110,10,10855,1085,4月分 手数料売上,中日本ｴｸｽﾄｰﾙ横浜,,
2025/4/30,,,1142,売掛金,3095,,    ,,810,,4103,手数料売上,    ,,1,横浜,110,10,10810,1081,4月分 手数料売上,ﾌｪｲｽ,,
2025/4/30,,,1142,売掛金,33,,    ,,810,,4103,手数料売上,    ,,1,横浜,110,10,10670,1067,4月分 手数料売上,㈱Gradeup,,
2025/4/30,,,1142,売掛金,3054,,    ,,810,,4103,手数料売上,    ,,1,横浜,110,10,10640,1064,4月分 手数料売上,㈲珠洲,,
2025/4/30,,,1142,売掛金,3003,,    ,,810,,4103,手数料売上,    ,,1,横浜,110,10,10520,1052,4月分 手数料売上,秋山商事,,
2025/4/30,,,1142,売掛金,3120,,    ,,810,,4103,手数料売上,    ,,1,横浜,110,10,9400,940,4月分 手数料売上,ﾘｨｰｻﾝｸ,,
2025/4/30,,,1142,売掛金,3074,,    ,,810,,4103,手数料売上,    ,,1,横浜,110,10,9260,926,4月分 手数料売上,ナインデンタルスタジ,,
2025/4/30,,,1142,売掛金,3084,,    ,,810,,4103,手数料売上,    ,,1,横浜,110,10,9110,911,4月分 手数料売上,林整形外科,,
2025/4/30,,,1142,売掛金,3032,,    ,,810,,4103,手数料売上,    ,,1,横浜,110,10,8910,891,4月分 手数料売上,くもい歯科ｸﾘﾆｸ,,
2025/4/30,,,1142,売掛金,3196,,    ,,810,,4103,手数料売上,    ,,1,横浜,110,10,8560,856,4月分 手数料売上,㈲ビービーカンパニー,,
2025/4/30,,,1142,売掛金,3031,,    ,,810,,4103,手数料売上,    ,,1,横浜,110,10,8470,847,4月分 手数料売上,ｷｭｰﾋﾞｯｸｽ,,
2025/4/30,,,1142,売掛金,3228,,    ,,810,,4103,手数料売上,    ,,1,横浜,110,10,7620,762,4月分 手数料売上,㈱hope(放課後デイサービスkanoa),,
2025/4/30,,,1142,売掛金,3179,,    ,,810,,4103,手数料売上,    ,,1,横浜,110,10,7270,727,4月分 手数料売上,クラブティピラティス溝の口,,
2025/4/30,,,1142,売掛金,3158,,    ,,810,,4103,手数料売上,    ,,1,横浜,110,10,7200,720,4月分 手数料売上,NPO　SSS,,
2025/4/30,,,1142,売掛金,3086,,    ,,810,,4103,手数料売上,    ,,1,横浜,110,10,7190,719,4月分 手数料売上,原田管理商会,,
2025/4/30,,,1142,売掛金,3049,,    ,,810,,4103,手数料売上,    ,,1,横浜,110,10,7130,713,4月分 手数料売上,ｼﾃｨｰ企画工業,,
2025/4/30,,,1142,売掛金,3073,,    ,,810,,4103,手数料売上,    ,,1,横浜,110,10,7130,713,4月分 手数料売上,東洋ｴﾚﾒﾝﾄ工業㈱,,
2025/4/30,,,1142,売掛金,3170,,    ,,810,,4103,手数料売上,    ,,1,横浜,110,10,7010,701,4月分 手数料売上,スタジオそら,,
2025/4/30,,,1142,売掛金,3191,,    ,,810,,4103,手数料売上,    ,,1,横浜,110,10,6940,694,4月分 手数料売上,㈲ｼﾞｮｲﾌ,,
2025/4/30,,,1142,売掛金,3066,,    ,,810,,4103,手数料売上,    ,,1,横浜,110,10,6890,689,4月分 手数料売上,多摩食事ｻｰﾋﾞｽかりん,,
2025/4/30,,,1142,売掛金,3069,,    ,,810,,4103,手数料売上,    ,,1,横浜,110,10,6300,630,4月分 手数料売上,津田山製作所,,
2025/4/30,,,1142,売掛金,3209,,    ,,810,,4103,手数料売上,    ,,1,横浜,110,10,6250,625,4月分 手数料売上,登戸ブレスケアクリニック,,
2025/4/30,,,1142,売掛金,39,,    ,,810,,4103,手数料売上,    ,,1,横浜,110,10,6250,625,4月分 手数料売上,ｶﾒﾊﾁﾍﾞｰｶﾘｰ,,
2025/4/30,,,1142,売掛金,3134,,    ,,810,,4103,手数料売上,    ,,1,横浜,110,10,5870,587,4月分 手数料売上,ﾌﾛｰﾗﾙ夢木香,,
2025/4/30,,,1142,売掛金,1007,,    ,,810,,4103,手数料売上,    ,,1,横浜,110,10,5600,560,4月分 手数料売上,TKプロジェクト,,
2025/4/30,,,1142,売掛金,3129,,    ,,810,,4103,手数料売上,    ,,1,横浜,110,10,5350,535,4月分 手数料売上,中華福林,,
2025/4/30,,,1142,売掛金,3044,,    ,,810,,4103,手数料売上,    ,,1,横浜,110,10,5300,530,4月分 手数料売上,三協ｴﾝｼﾞﾆｱﾘﾝｸﾞ,,
2025/4/30,,,1142,売掛金,3118,,    ,,810,,4103,手数料売上,    ,,1,横浜,110,10,5300,530,4月分 手数料売上,ﾗｲﾌﾃｯｸ,,
2025/4/30,,,1142,売掛金,3043,,    ,,810,,4103,手数料売上,    ,,1,横浜,110,10,5190,519,4月分 手数料売上,sunnyこどもｸﾘﾆｯｸ,,
2025/4/30,,,1142,売掛金,3169,,    ,,810,,4103,手数料売上,    ,,1,横浜,110,10,5110,511,4月分 手数料売上,やきとりおしどり,,
2025/4/30,,,1142,売掛金,3048,,    ,,810,,4103,手数料売上,    ,,1,横浜,110,10,5110,511,4月分 手数料売上,JKB,,
2025/4/30,,,1142,売掛金,1011,,    ,,810,,4103,手数料売上,    ,,1,横浜,110,10,5000,500,4月分 手数料売上,こぱんはうすさくら久,,
2025/4/30,,,1142,売掛金,3165,,    ,,810,,4103,手数料売上,    ,,1,横浜,110,10,5000,500,4月分 手数料売上,ハウスクリニック,,
2025/4/30,,,1142,売掛金,3018,,    ,,810,,4103,手数料売上,    ,,1,横浜,110,10,4500,450,4月分 手数料売上,荏原実業,,
2025/4/30,,,1142,売掛金,3079,,    ,,810,,4103,手数料売上,    ,,1,横浜,110,10,4420,442,4月分 手数料売上,日成工業,,
2025/4/30,,,1142,売掛金,3017,,    ,,810,,4103,手数料売上,    ,,1,横浜,110,10,4240,424,4月分 手数料売上,英和工業,,
2025/4/30,,,1142,売掛金,3099,,    ,,810,,4103,手数料売上,    ,,1,横浜,110,10,4220,422,4月分 手数料売上,二子新地整骨院,,
2025/4/30,,,1142,売掛金,1017,,    ,,810,,4103,手数料売上,    ,,1,横浜,110,10,4000,400,4月分 手数料売上,ｾﾝﾄﾗﾙ薬局,,
2025/4/30,,,1142,売掛金,3008,,    ,,810,,4103,手数料売上,    ,,1,横浜,110,10,3190,319,4月分 手数料売上,板垣電子工業,,
2025/4/30,,,1142,売掛金,3070,,    ,,810,,4103,手数料売上,    ,,1,横浜,110,10,3000,300,4月分 手数料売上,ﾃｨｰｴﾑ設備工業,,
2025/4/30,,,1142,売掛金,3018,,    ,,810,,4103,手数料売上,    ,,1,横浜,110,10,3000,300,4月分 手数料売上,荏原実業,,
2025/4/30,,,1142,売掛金,1019,,    ,,810,,4103,手数料売上,    ,,1,横浜,110,10,3000,300,4月分 手数料売上,川崎ｵｷｼﾄﾝ,,
2025/4/30,,,1112,普通預金,2,,    ,,810,,1142,売掛金,3211,,    ,,810,,6248,,売掛の入金　手数料売上,スリーアール,,
2025/4/30,,,1142,売掛金,3211,,    ,,810,,4103,手数料売上,    ,,1,横浜,110,10,5300,530,4月分 手数料売上,History元住吉店,,
2025/4/30,,,1142,売掛金,1002,,    ,,810,,4103,手数料売上,    ,,1,横浜,110,10,2900,290,4月分 手数料売上,ｱﾘｽﾗｯｼｭ,,
2025/4/30,,,1142,売掛金,3107,,    ,,810,,4103,手数料売上,    ,,1,横浜,110,10,2780,278,4月分 手数料売上,水谷建築設計事務所,,
2025/4/30,,,1142,売掛金,3001,,    ,,810,,4103,手数料売上,    ,,1,横浜,110,10,2690,269,4月分 手数料売上,あおば,,
2025/4/30,,,1142,売掛金,3013,,    ,,810,,4103,手数料売上,    ,,1,横浜,110,10,2570,257,4月分 手数料売上,ｲﾏｰｼﾞｱｸﾄ南加瀬,,
2025/4/30,,,1142,売掛金,34,,    ,,810,,4103,手数料売上,    ,,1,横浜,110,10,2570,257,4月分 手数料売上,㈱siesta,,
2025/4/30,,,1142,売掛金,3162,,    ,,810,,4103,手数料売上,    ,,1,横浜,110,10,2130,213,4月分 手数料売上,くどう動物病院,,
2025/4/30,,,1142,売掛金,3103,,    ,,810,,4103,手数料売上,    ,,1,横浜,110,10,2000,200,4月分 手数料売上,(有)ホリ造形スタジオ,,
2025/4/30,,,1142,売掛金,3201,,    ,,810,,4103,手数料売上,    ,,1,横浜,110,10,2000,200,4月分 手数料売上,オールマイト㈱,,
2025/4/30,,,1142,売掛金,3187,,    ,,810,,4103,手数料売上,    ,,1,横浜,110,10,1800,180,4月分 手数料売上,グリーン調剤薬局,,
2025/4/30,,,1142,売掛金,3108,,    ,,810,,4103,手数料売上,    ,,1,横浜,110,10,1700,170,4月分 手数料売上,溝ノ口製麺渡辺商店,,
2025/4/30,,,1142,売掛金,3109,,    ,,810,,4103,手数料売上,    ,,1,横浜,110,10,1560,156,4月分 手数料売上,ﾒｶﾞﾈｽﾄｱ-武蔵中原店 ㈲大興資源へ請求,,
2025/4/30,,,1142,売掛金,1003,,    ,,810,,4103,手数料売上,    ,,1,横浜,110,10,1500,150,4月分 手数料売上,スナック千恵,,
2025/4/30,,,1142,売掛金,3229,,    ,,810,,4103,手数料売上,    ,,1,横浜,110,10,1500,150,4月分 手数料売上,東光建設㈱,,
2025/4/30,,,1142,売掛金,3112,,    ,,810,,4103,手数料売上,    ,,1,横浜,110,10,1380,138,4月分 手数料売上,やきとり山吹,,
2025/4/30,,,1142,売掛金,3042,,    ,,810,,4103,手数料売上,    ,,1,横浜,110,10,1280,128,4月分 手数料売上,さかい医院,,
2025/4/30,,,1142,売掛金,3022,,    ,,810,,4103,手数料売上,    ,,1,横浜,110,10,1280,128,4月分 手数料売上,小笠原会計事務所,,
2025/4/30,,,1142,売掛金,3058,,    ,,810,,4103,手数料売上,    ,,1,横浜,110,10,1280,128,4月分 手数料売上,大丸化工,,
2025/4/30,,,1142,売掛金,3020,,    ,,810,,4103,手数料売上,    ,,1,横浜,110,10,1190,119,4月分 手数料売上,ｴﾝﾃﾞ美容室,,
2025/4/30,,,1142,売掛金,3091,,    ,,810,,4103,手数料売上,    ,,1,横浜,110,10,1190,119,4月分 手数料売上,美容室コパン,,
2025/4/30,,,1142,売掛金,1008,,    ,,810,,4103,手数料売上,    ,,1,横浜,110,10,880,88,4月分 手数料売上,溝の口オフィス,,
2025/4/30,,,1142,売掛金,1010,,    ,,810,,4103,手数料売上,    ,,1,横浜,110,10,460,46,4月分 手数料売上,ing平間店,,
2025/4/30,,,1142,売掛金,1012,,    ,,810,,4103,手数料売上,    ,,1,横浜,110,10,2800,280,4月分 手数料売上,美・デザイン ㈲大興資源へ請求,,
2025/4/30,,,1112,普通預金,1,,    ,,810,,1142,売掛金,2001,,    ,,810,,269500,,売掛の入金　手数料売上,J&T環境,,
2025/4/30,,,1112,普通預金,1,,    ,,810,,1142,売掛金,2010,,    ,,810,,14415,,売掛の入金　手数料売上　3月分,ﾗﾎﾞﾗﾄﾘｰ,,
2025/4/30,,,1112,普通預金,1,,    ,,810,,1142,売掛金,3,,    ,,810,,9864984,,業務委託料,川崎市,,
2025/4/30,,,1112,普通預金,1,,    ,,810,,1142,売掛金,3200,,    ,,810,,165973,,売掛の入金　手数料売上,サティスファクトリー,,
2025/4/30,,,1112,普通預金,2,,    ,,810,,1142,売掛金,2001,,    ,,810,,3256,,売掛の入金　手数料売上,J&T環境,,
2025/4/30,,,1112,普通預金,2,,    ,,810,,1142,売掛金,3045,,    ,,810,,38995,,売掛の入金　手数料売上,サンメディックス㈱,,
2025/4/30,,,1112,普通預金,2,,    ,,810,,1142,売掛金,3049,,    ,,810,,8679,,売掛の入金　手数料売上,ｼﾃｨｰ企画工業,,
2025/4/30,,,1112,普通預金,2,,    ,,810,,1142,売掛金,3118,,    ,,810,,5621,,売掛の入金　手数料売上,㈲ライフテック,,
2025/4/30,,,1112,普通預金,2,,    ,,810,,1142,売掛金,3227,,    ,,810,,1650,,売掛の入金　手数料売上,登戸駅前地区市街地再開発組合,,
2025/4/30,,,1112,普通預金,2,,    ,,810,,1142,売掛金,3098,,    ,,810,,17138,,売掛の入金　手数料売上,㈲フジヤモデル,,
2025/4/30,,,1112,普通預金,2,,    ,,810,,1142,売掛金,1,,    ,,810,,584100,,,㈲大興資源,,
2025/4/30,,,1112,普通預金,2,,    ,,810,,1142,売掛金,3018,,    ,,810,,4950,,売掛の入金　手数料売上,荏原実業㈱、荏原実業中央研究所,,
2025/4/30,,,1112,普通預金,2,,    ,,810,,1142,売掛金,3070,,    ,,810,,3300,,売掛の入金　手数料売上,ﾃｨｰｴﾑ設備工業,,
2025/4/30,,,1112,普通預金,2,,    ,,810,,1142,売掛金,3159,,    ,,810,,110000,,売掛の入金　手数料売上,ｶﾅｲｴﾝﾀｰﾌﾟﾗｲｽﾞ,,
2025/4/30,,,1112,普通預金,2,,    ,,810,,1142,売掛金,1007,,    ,,810,,1100,,売掛の入金　手数料売上,TKプロジェクト,,
2025/4/30,,,1112,普通預金,2,,    ,,810,,1142,売掛金,3114,,    ,,810,,28116,,売掛の入金　手数料売上,エコミット,,
2025/4/30,,,1112,普通預金,2,,    ,,810,,1142,売掛金,3007,,    ,,810,,17226,,売掛の入金　手数料売上,イーストサウンド,,
2025/4/30,,,1112,普通預金,2,,    ,,810,,1142,売掛金,3106,,    ,,810,,59543,,売掛の入金　手数料売上,岬水産,,
2025/4/30,,,1112,普通預金,2,,    ,,810,,1142,売掛金,3187,,    ,,810,,1980,,売掛の入金　手数料売上,㈲ｸﾞﾘｰﾝ調剤薬局,,
2025/4/30,,,1112,普通預金,2,,    ,,810,,1142,売掛金,33,,    ,,810,,6182,,売掛の入金　手数料売上,㈱グレードアップ,,
2025/4/30,,,1112,普通預金,2,,    ,,810,,1142,売掛金,3204,,    ,,810,,33000,,売掛の入金　手数料売上,ティーエスエンバイロ,,
2025/4/30,,,1112,普通預金,2,,    ,,810,,1142,売掛金,3028,,    ,,810,,55726,,売掛の入金　手数料売上　4月分,神奈川中央交通東,,
2025/4/30,,,1112,普通預金,2,,    ,,810,,1142,売掛金,35,,    ,,810,,33407,,売掛の入金　手数料売上,㈱ビーナス,,
2025/4/30,,,1112,普通預金,2,,    ,,810,,1142,売掛金,3126,,    ,,810,,64955,,売掛の入金　手数料売上,ﾒｯﾄﾞﾄﾗｽﾄ東京,,
2025/4/30,,,1112,普通預金,2,,    ,,810,,1142,売掛金,3069,,    ,,810,,1650,,売掛の入金　手数料売上,ユニック産業,,
2025/4/30,,,1112,普通預金,2,,    ,,810,,1142,売掛金,3017,,    ,,810,,3806,,売掛の入金　手数料売上,英和工業㈱,,
2025/4/30,,,1112,普通預金,2,,    ,,810,,1142,売掛金,3058,,    ,,810,,2024,,売掛の入金　手数料売上,大丸化工,,
2025/4/30,,,1112,普通預金,2,,    ,,810,,1142,売掛金,3046,,    ,,810,,16478,,売掛の入金　手数料売上,賛友精機㈱,,
2025/4/30,,,1112,普通預金,2,,    ,,810,,1142,売掛金,3048,,    ,,810,,5412,,売掛の入金　手数料売上,㈱JKB,,
2025/4/30,,,1112,普通預金,2,,    ,,810,,1142,売掛金,3147,,    ,,810,,53944,,売掛の入金　手数料売上,㈱ワンラインシステム,,
2025/4/30,,,1112,普通預金,2,,    ,,810,,1142,売掛金,3185,,    ,,810,,44000,,売掛の入金　手数料売上,アイセイカイ,,
2025/4/30,,,1112,普通預金,2,,    ,,810,,1142,売掛金,1008,,    ,,810,,9900,,売掛の入金　手数料売上,エムコミュー,,
2025/4/30,,,1112,普通預金,2,,    ,,810,,1142,売掛金,3068,,    ,,810,,10285,,売掛の入金　手数料売上,地質計測,,
2025/4/30,,,1112,普通預金,2,,    ,,810,,1142,売掛金,3170,,    ,,810,,7810,,売掛の入金　手数料売上,アースキッズ,,
2025/4/30,,,1112,普通預金,2,,    ,,810,,1142,売掛金,3034,,    ,,810,,41839,,売掛の入金　手数料売上,長谷工シニアウエル,,
2025/4/30,,,1112,普通預金,2,,    ,,810,,1142,売掛金,3229,,    ,,810,,1650,,売掛の入金　手数料売上,東光建設㈱,,
2025/4/30,,,1112,普通預金,2,,    ,,810,,1142,売掛金,1017,,    ,,810,,4400,,売掛の入金　手数料売上,エスエフインフォ,,
2025/4/30,,,1112,普通預金,2,,    ,,810,,1142,売掛金,3131,,    ,,810,,84073,,売掛の入金　手数料売上,㈱キンキショウジ,,
2025/4/30,,,1112,普通預金,2,,    ,,810,,1142,売掛金,3163,,    ,,810,,18139,,売掛の入金　手数料売上,宮崎華園,,
2025/4/30,,,1112,普通預金,2,,    ,,810,,1142,売掛金,3047,,    ,,810,,1650,,売掛の入金　手数料売上,㈱GNE,,
2025/4/30,,,1112,普通預金,2,,    ,,810,,1142,売掛金,2011,,    ,,810,,29568,,売掛の入金　手数料売上,リーズジャパン,,
2025/4/30,,,1101,現金,    ,,    ,,810,,1142,売掛金,3108,,    ,,810,,1650,,,㈲溝の口製麺（渡辺商店）,,
2025/4/30,,,9999,諸口,    ,,    ,,810,,1142,売掛金,3086,,    ,,810,,5621,,売掛の入金　手数料売上,㈲原田管理商会,,
2025/4/30,,,9999,諸口,    ,,    ,,810,,1142,売掛金,3119,,    ,,810,,6666,,売掛の入金　手数料売上,㈲原田管理商会,,
2025/4/30,,,9999,諸口,    ,,    ,,810,,1142,売掛金,3029,,    ,,810,,14058,,売掛の入金　手数料売上,㈲原田管理商会,,
2025/4/30,,,6220,支払手数料,    ,,0,共通部門,310,10,1142,売掛金,3200,,    ,,810,,600,60,振込手数料,,,
2025/4/30,,,1142,売掛金,2,,    ,,810,,4105,商品売上,    ,,1,横浜,110,10,383928,38392,手数料売上　こづか㈱,こづか㈱,,
2025/4/30,,,1142,売掛金,2,,    ,,810,,4102,作業料売上　ｺﾂﾞｶ㈱,    ,,1,横浜,110,10,90000,9000,こづか事務手数料（千葉さん・的場さん）,こづか㈱,,
2025/4/30,,,1142,売掛金,1,,    ,,810,,4101,作業料売上　㈲大興資源,    ,,1,横浜,110,10,200000,20000,廃棄物収集請負,㈲大興資源,,
2025/4/30,,,1142,売掛金,1,,    ,,810,,1142,売掛金,1012,,    ,,810,,5500,,㈲大興資源へ入金された,,,
2025/4/30,,,1142,売掛金,1,,    ,,810,,1142,売掛金,3109,,    ,,810,,3432,,㈲大興資源へ入金された,,,
2025/5/1,,,1112,普通預金,2,,    ,,810,,1142,売掛金,3192,,    ,,810,,6600,,売掛の入金　手数料売上,㈱NTプラス,,
2025/5/2,,,1142,売掛金,1002,,    ,,810,,1101,現金,    ,,    ,,810,,4785,,,アリスラッシュ,,
2025/5/7,,,1112,普通預金,1,,    ,,810,,1142,売掛金,3207,,    ,,810,,14575,,売掛の入金　手数料売上,㈱アライン,,
2025/5/7,,,1112,普通預金,2,,    ,,810,,1142,売掛金,3112,,    ,,810,,1518,,売掛の入金　手数料売上　5月分,やきとり山吹,,
2025/5/7,,,1112,普通預金,2,,    ,,810,,1142,売掛金,3191,,    ,,810,,7634,,売掛の入金　手数料売上,㈲ジョイフ,,
2025/5/7,,,1112,普通預金,2,,    ,,810,,1142,売掛金,3084,,    ,,810,,10021,,売掛の入金　手数料売上,ハヤシ　オウスケ,,
2025/5/7,,,1112,普通預金,2,,    ,,810,,1142,売掛金,3042,,    ,,810,,1408,,売掛の入金　手数料売上,さかい医院,,
2025/5/7,,,6231,雑費,    ,,0,共通部門,511,10,1142,売掛金,3207,,    ,,810,,350,35,振込手数料,,,
2025/5/8,,,1112,普通預金,2,,    ,,810,,1142,売掛金,3125,,    ,,810,,12298,,売掛の入金　手数料売上,海老民,,
2025/5/8,,,1112,普通預金,2,,    ,,810,,1142,売掛金,3091,,    ,,810,,1309,,売掛の入金　手数料売上,こぱんはすさくら久末教室,,
2025/5/8,,,1112,普通預金,2,,    ,,810,,1142,売掛金,3162,,    ,,810,,2343,,売掛の入金　手数料売上,くどう動物病院,,
2025/5/8,,,1112,普通預金,2,,    ,,810,,1142,売掛金,3103,,    ,,810,,1100,,売掛の入金　手数料売上,㈲ホリ造形スタジオ,,
2025/5/8,,,1112,普通預金,2,,    ,,810,,1142,売掛金,3026,,    ,,810,,14685,,売掛の入金　手数料売上,セト　ケンジ,,
2025/5/8,,,1112,普通預金,2,,    ,,810,,1142,売掛金,3020,,    ,,810,,1309,,売掛の入金　手数料売上,ｴﾝﾃﾞ美容室,,
2025/5/9,,,1112,普通預金,2,,    ,,810,,1142,売掛金,2024,,    ,,810,,269885,,売掛の入金　手数料売上,環境オプティマル,,
2025/5/9,,,1112,普通預金,2,,    ,,810,,1142,売掛金,3209,,    ,,810,,6875,,売掛の入金　手数料売上,登戸ブレストケアクリニック,,
2025/5/9,,,1112,普通預金,2,,    ,,810,,1142,売掛金,3182,,    ,,810,,13288,,売掛の入金　手数料売上,メイツ電子,,
2025/5/9,,,1112,普通預金,2,,    ,,810,,1142,売掛金,3043,,    ,,810,,5709,,売掛の入金　手数料売上,サニーサイド,,
2025/5/9,,,1112,普通預金,2,,    ,,810,,1142,売掛金,3205,,    ,,810,,19800,,売掛の入金　手数料売上,㈱ジャパンプロセス,,
2025/5/9,,,1112,普通預金,2,,    ,,810,,1142,売掛金,2042,,    ,,810,,69300,,売掛の入金　手数料売上,冨士見商事,,
2025/5/9,,,1112,普通預金,2,,    ,,810,,1142,売掛金,3066,,    ,,810,,7579,,売掛の入金　手数料売上,多摩食事ｻｰﾋﾞｽかりん,,
2025/5/9,,,1112,普通預金,2,,    ,,810,,1142,売掛金,3081,,    ,,810,,13442,,売掛の入金　手数料売上,ニュータウン鷺沼,,
2025/5/9,,,1112,普通預金,2,,    ,,810,,1142,売掛金,1014,,    ,,810,,5214,,売掛の入金　手数料売上　9月分,小杉駅駅前周辺,,
2025/5/10,,,6220,支払手数料,    ,,0,共通部門,310,10,1142,売掛金,2024,,    ,,810,,350,35,振込手数料相殺,環境オプティマル,,
2025/5/12,,,1112,普通預金,2,,    ,,810,,1142,売掛金,2047,,    ,,810,,83314,,売掛の入金　手数料売上,京浜予防医学研究所,,
2025/5/12,,,1112,普通預金,2,,    ,,810,,1142,売掛金,3053,,    ,,810,,27566,,売掛の入金　手数料売上,昇辰電気,,
2025/5/12,,,1112,普通預金,2,,    ,,810,,1142,売掛金,3099,,    ,,810,,4642,,売掛の入金　手数料売上,二子新地整骨院,,
2025/5/12,,,1112,普通預金,2,,    ,,810,,1142,売掛金,3015,,    ,,810,,12210,,売掛の入金　手数料売上,ｲﾝﾃﾘｱ大山,,
2025/5/12,,,1112,普通預金,2,,    ,,810,,1142,売掛金,34,,    ,,810,,2827,,売掛の入金　手数料売上,㈱シエスタ,,
2025/5/12,,,1112,普通預金,2,,    ,,810,,1142,売掛金,3044,,    ,,810,,5830,,売掛の入金　手数料売上,㈲三協エンジニアリング,,
2025/5/12,,,6220,支払手数料,    ,,0,共通部門,310,10,1142,売掛金,2047,,    ,,810,,400,40,振込手数料,,,
2025/5/13,,,1112,普通預金,2,,    ,,810,,1142,売掛金,39,,    ,,810,,6875,,売掛の入金　手数料売上,カメハチベーカリー,,
2025/5/13,,,1112,普通預金,2,,    ,,810,,1142,売掛金,3032,,    ,,810,,9801,,売掛の入金　手数料売上　5月分,くもい歯科（ｸﾓｲﾋﾃﾞｷ,,
2025/5/13,,,1112,普通預金,2,,    ,,810,,1142,売掛金,3003,,    ,,810,,11572,,売掛の入金　手数料売上,㈲秋山商事,,
2025/5/14,,,1112,普通預金,2,,    ,,810,,1142,売掛金,3054,,    ,,810,,11704,,売掛の入金　手数料売上　4月分,(有)珠洲,,
2025/5/14,,,1112,普通預金,2,,    ,,810,,1142,売掛金,3129,,    ,,810,,5885,,売掛の入金　手数料売上　5月分,中華福林,,
2025/5/15,,,1112,普通預金,2,,    ,,810,,1142,売掛金,3051,,    ,,810,,35409,,売掛の入金　手数料売上,七五三寿司,,
2025/5/15,,,1112,普通預金,2,,    ,,810,,1142,売掛金,3001,,    ,,810,,2959,,売掛の入金　手数料売上　6月分,あおば,,
2025/5/16,,,1112,普通預金,2,,    ,,810,,1142,売掛金,3056,,    ,,810,,14476,,売掛の入金　手数料売上,新富,,
2025/5/19,,,1112,普通預金,2,,    ,,810,,1142,売掛金,3031,,    ,,810,,9317,,売掛の入金　手数料売上,キュービクス,,
2025/5/20,,,1112,普通預金,1,,    ,,810,,1142,売掛金,2047,,    ,,810,,127979,,売掛の入金　手数料売上,京浜総合病院,,
2025/5/20,,,1112,普通預金,2,,    ,,810,,1142,売掛金,3059,,    ,,810,,36179,,売掛の入金　手数料売上,ブリヂストンリテール,,
2025/5/20,,,1112,普通預金,2,,    ,,810,,1142,売掛金,2543,,    ,,810,,69300,,売掛の入金　手数料売上,ブリジストンタイヤソリューションジャパン,,
2025/5/20,,,1112,普通預金,2,,    ,,810,,1142,売掛金,3097,,    ,,810,,153956,,売掛の入金　手数料売上,不二ﾌﾟﾗﾝﾄ工業,,
2025/5/20,,,1112,普通預金,2,,    ,,810,,1142,売掛金,3073,,    ,,810,,7843,,売掛の入金　手数料売上,東洋エレメント工業,,
2025/5/20,,,1112,普通預金,2,,    ,,810,,1142,売掛金,2,,    ,,810,,422320,,振込　コツ゛カ（カ,,,
2025/5/20,,,1112,普通預金,2,,    ,,810,,1142,売掛金,2,,    ,,810,,99000,,振込　コツ゛カ（カ,,,
2025/5/20,,,1112,普通預金,2,,    ,,810,,1142,売掛金,1004,,    ,,810,,7040,,売掛の入金　手数料売上,リタリコ,,
2025/5/20,,,1112,普通預金,2,,    ,,810,,1142,売掛金,3134,,    ,,810,,6457,,売掛の入金　手数料売上,シバタ　ヒロアキ,,
2025/5/20,,,1112,普通預金,2,,    ,,810,,1142,売掛金,3096,,    ,,810,,31614,,売掛の入金　手数料売上　4月分,富士教材,,
2025/5/22,,,1112,普通預金,1,,    ,,810,,1142,売掛金,3173,,    ,,810,,14960,,売掛の入金　手数料売上,川崎市中部児童相談所,,
2025/5/22,,,1112,普通預金,1,,    ,,810,,1142,売掛金,3173,,    ,,810,,2200,,売掛の入金　手数料売上,川崎市中部児童相談所,,
2025/5/22,,,1112,普通預金,2,,    ,,810,,1142,売掛金,3163,,    ,,810,,18557,,売掛の入金　手数料売上,宮崎華園,,
2025/5/22,,,1112,普通預金,2,,    ,,810,,1142,売掛金,3228,,    ,,810,,8382,,振込　カ）ホ－フ゜,㈱hope,,
2025/5/22,,,1112,普通預金,2,,    ,,810,,1142,売掛金,3172,,    ,,810,,31064,,売掛の入金　手数料売上,(株)優和,,
2025/5/23,,,1112,普通預金,2,,    ,,810,,1142,売掛金,3158,,    ,,810,,7920,,売掛の入金　手数料売上,セキュリティライフ,,
2025/5/23,,,1112,普通預金,2,,    ,,810,,1142,売掛金,3022,,    ,,810,,1408,,売掛の入金　手数料売上,小笠原会計事務所,,
2025/5/23,,,1112,普通預金,2,,    ,,810,,1142,売掛金,3120,,    ,,810,,10340,,売掛の入金　手数料売上,ﾘｨｰｻﾝｸ,,
2025/5/23,,,1112,普通預金,2,,    ,,810,,1142,売掛金,2921,,    ,,810,,63800,,売掛の入金　手数料売上,㈱日本動物高度医療センター,,
2025/5/23,,,1112,普通預金,2,,    ,,810,,1142,売掛金,3010,,    ,,810,,20163,,売掛の入金　手数料売上,㈱井出紙工,,
2025/5/26,,,1112,普通預金,2,,    ,,810,,1142,売掛金,3052,,    ,,810,,176000,,売掛の入金　手数料売上,㈱ジャクエツ,,
2025/5/26,,,1112,普通預金,2,,    ,,810,,1142,売掛金,3041,,    ,,810,,18887,,売掛の入金　手数料売上,㈲亀ヶ谷モータース,,
2025/5/26,,,1112,普通預金,2,,    ,,810,,1142,売掛金,3079,,    ,,810,,4862,,売掛の入金　手数料売上,日成工業,,
2025/5/26,,,1112,普通預金,2,,    ,,810,,1142,売掛金,3137,,    ,,810,,29953,,売掛の入金　手数料売上,SHUHEI,,
2025/5/26,,,1112,普通預金,2,,    ,,810,,1142,売掛金,3074,,    ,,810,,10186,,売掛の入金　手数料売上,ﾅｲﾝﾃﾞﾝﾀﾙｸﾘﾆｯｸ,,
2025/5/27,,,1112,普通預金,1,,    ,,810,,1142,売掛金,1002,,    ,,810,,3190,,売掛の入金　手数料売上,ビューティークオリテ,,
2025/5/27,,,1112,普通預金,2,,    ,,810,,1142,売掛金,2026,,    ,,810,,1020030,,売掛の入金　手数料売上,㈲三友商事,,
2025/5/27,,,1112,普通預金,2,,    ,,810,,1142,売掛金,3201,,    ,,810,,2200,,売掛の入金　手数料売上,オールマイト㈱,,
2025/5/27,,,1112,普通預金,2,,    ,,810,,1142,売掛金,3095,,    ,,810,,11891,,売掛の入金　手数料売上,フェイス美容室,,
2025/5/28,,,1112,普通預金,2,,    ,,810,,1142,売掛金,3148,,    ,,810,,43180,,売掛の入金　手数料売上,中日本エクストール,,
2025/5/28,,,1112,普通預金,2,,    ,,810,,1142,売掛金,3060,,    ,,810,,36036,,売掛の入金　手数料売上,太陽第一幼稚園,,
2025/5/29,,,1112,普通預金,2,,    ,,810,,1142,売掛金,3013,,    ,,810,,2827,,売掛の入金　手数料売上,ｲﾏｰｼﾞｱｸﾄ,,
2025/5/29,,,1112,普通預金,2,,    ,,810,,1142,売掛金,3008,,    ,,810,,3509,,売掛の入金　手数料売上,板垣電子工業,,
2025/5/30,,,1112,普通預金,1,,    ,,810,,1142,売掛金,3,,    ,,810,,9864983,,業務委託料,川崎市,,
2025/5/30,,,1112,普通預金,1,,    ,,810,,1142,売掛金,2001,,    ,,810,,262086,,売掛の入金　手数料売上,J&T環境,,
2025/5/30,,,1112,普通預金,1,,    ,,810,,1142,売掛金,2010,,    ,,810,,13931,,売掛の入金　手数料売上,ﾗﾎﾞﾗﾄﾘｰ,,
2025/5/30,,,1112,普通預金,1,,    ,,810,,1142,売掛金,3200,,    ,,810,,165973,,売掛の入金　手数料売上,サティスファクトリー,,
2025/5/30,,,1112,普通預金,2,,    ,,810,,1142,売掛金,3045,,    ,,810,,38401,,売掛の入金　手数料売上,サンメディックス㈱,,
2025/5/30,,,1112,普通預金,2,,    ,,810,,1142,売掛金,3049,,    ,,810,,7843,,売掛の入金　手数料売上,ｼﾃｨｰ企画工業,,
2025/5/30,,,1112,普通預金,2,,    ,,810,,1142,売掛金,3118,,    ,,810,,5830,,売掛の入金　手数料売上,㈲ライフテック,,
2025/5/30,,,1112,普通預金,2,,    ,,810,,1142,売掛金,1,,    ,,810,,228932,,,㈲大興資源,,
2025/5/30,,,1112,普通預金,2,,    ,,810,,1142,売掛金,3098,,    ,,810,,17600,,売掛の入金　手数料売上,㈲フジヤモデル,,
2025/5/30,,,1112,普通預金,2,,    ,,810,,1142,売掛金,3018,,    ,,810,,8250,,売掛の入金　手数料売上,荏原実業㈱、荏原実業中央研究所,,
2025/5/30,,,1112,普通預金,2,,    ,,810,,1142,売掛金,3179,,    ,,810,,7997,,売掛の入金　手数料売上,カ）ロクマル,,
2025/5/30,,,1112,普通預金,2,,    ,,810,,1142,売掛金,3165,,    ,,810,,5500,,売掛の入金　手数料売上,㈱リフト,,
2025/5/30,,,1112,普通預金,2,,    ,,810,,1142,売掛金,3159,,    ,,810,,110000,,売掛の入金　手数料売上,ｶﾅｲｴﾝﾀｰﾌﾟﾗｲｽﾞ,,
2025/5/30,,,1112,普通預金,2,,    ,,810,,1142,売掛金,3007,,    ,,810,,13013,,売掛の入金　手数料売上,イーストサウンド,,
2025/5/30,,,1112,普通預金,2,,    ,,810,,1142,売掛金,3196,,    ,,810,,9416,,売掛の入金　手数料売上,BBカンパニー,,
2025/5/30,,,1112,普通預金,2,,    ,,810,,1142,売掛金,1007,,    ,,810,,6160,,売掛の入金　手数料売上,TKプロジェクト,,
2025/5/30,,,1112,普通預金,2,,    ,,810,,1142,売掛金,3106,,    ,,810,,61743,,売掛の入金　手数料売上,岬水産,,
2025/5/30,,,1112,普通預金,2,,    ,,810,,1142,売掛金,1019,,    ,,810,,3300,,売掛の入金　手数料売上,川崎オキシトン,,
2025/5/30,,,1112,普通預金,2,,    ,,810,,1142,売掛金,3204,,    ,,810,,33000,,売掛の入金　手数料売上,ティーエスエンバイロ,,
2025/5/30,,,1112,普通預金,2,,    ,,810,,1142,売掛金,33,,    ,,810,,11737,,売掛の入金　手数料売上,㈱グレードアップ,,
2025/5/30,,,1112,普通預金,2,,    ,,810,,1142,売掛金,3069,,    ,,810,,6930,,売掛の入金　手数料売上,ユニック産業,,
2025/5/30,,,1112,普通預金,2,,    ,,810,,1142,売掛金,1011,,    ,,810,,5500,,,㈱ｲｲｼｮｸ,,
2025/5/30,,,1112,普通預金,2,,    ,,810,,1142,売掛金,3028,,    ,,810,,53229,,売掛の入金　手数料売上　4月分,神奈川中央交通東,,
2025/5/30,,,1112,普通預金,2,,    ,,810,,1142,売掛金,3070,,    ,,810,,3300,,売掛の入金　手数料売上,ﾃｨｰｴﾑ設備工業,,
2025/5/30,,,1112,普通預金,2,,    ,,810,,1142,売掛金,3187,,    ,,810,,1980,,売掛の入金　手数料売上,㈲ｸﾞﾘｰﾝ調剤薬局,,
2025/5/30,,,1112,普通預金,2,,    ,,810,,1142,売掛金,3126,,    ,,810,,59994,,売掛の入金　手数料売上,ﾒｯﾄﾞﾄﾗｽﾄ東京,,
2025/5/30,,,1112,普通預金,2,,    ,,810,,1142,売掛金,3048,,    ,,810,,5621,,売掛の入金　手数料売上,㈱JKB,,
2025/5/30,,,1112,普通預金,2,,    ,,810,,1142,売掛金,3017,,    ,,810,,4664,,売掛の入金　手数料売上,英和工業㈱,,
2025/5/30,,,1112,普通預金,2,,    ,,810,,1142,売掛金,3058,,    ,,810,,1408,,売掛の入金　手数料売上,大丸化工,,
2025/5/30,,,1112,普通預金,2,,    ,,810,,1142,売掛金,3147,,    ,,810,,50380,,売掛の入金　手数料売上,㈱ワンラインシステム,,
2025/5/30,,,1112,普通預金,2,,    ,,810,,1142,売掛金,3034,,    ,,810,,38055,,売掛の入金　手数料売上,長谷工シニアウエル,,
2025/5/30,,,1112,普通預金,2,,    ,,810,,1142,売掛金,3011,,    ,,810,,35519,,売掛の入金　手数料売上,イノベイションオブメディカルサービス,,
2025/5/30,,,1112,普通預金,2,,    ,,810,,1142,売掛金,3114,,    ,,810,,27698,,売掛の入金　手数料売上,エコミット,,
2025/5/30,,,1112,普通預金,2,,    ,,810,,1142,売掛金,3131,,    ,,810,,75746,,売掛の入金　手数料売上,㈱キンキショウジ,,
2025/5/30,,,1112,普通預金,2,,    ,,810,,1142,売掛金,3185,,    ,,810,,44000,,売掛の入金　手数料売上,アイセイカイ,,
2025/5/30,,,1112,普通預金,2,,    ,,810,,1142,売掛金,1017,,    ,,810,,4400,,売掛の入金　手数料売上,エスエフインフォ,,
2025/5/30,,,1112,普通預金,2,,    ,,810,,1142,売掛金,3170,,    ,,810,,7711,,売掛の入金　手数料売上,アースキッズ,,
2025/5/30,,,1112,普通預金,2,,    ,,810,,1142,売掛金,35,,    ,,810,,31152,,売掛の入金　手数料売上,㈱ビーナス,,
2025/5/30,,,1112,普通預金,2,,    ,,810,,1142,売掛金,1008,,    ,,810,,968,,売掛の入金　手数料売上,エムコミュー,,
2025/5/30,,,1112,普通預金,2,,    ,,810,,1142,売掛金,3211,,    ,,810,,5830,,売掛の入金　手数料売上,スリーアール,,
2025/5/30,,,1112,普通預金,2,,    ,,810,,1142,売掛金,2011,,    ,,810,,29403,,売掛の入金　手数料売上　4月分,リーズジャパン,,
2025/5/30,,,9999,諸口,    ,,    ,,810,,1142,売掛金,3086,,    ,,810,,7909,,売掛の入金　手数料売上,㈲原田管理商会,,
2025/5/30,,,9999,諸口,    ,,    ,,810,,1142,売掛金,3119,,    ,,810,,12188,,売掛の入金　手数料売上,㈲原田管理商会,,
2025/5/30,,,9999,諸口,    ,,    ,,810,,1142,売掛金,3029,,    ,,810,,13013,,売掛の入金　手数料売上,㈲原田管理商会,,
2025/5/30,,,6220,支払手数料,    ,,0,共通部門,310,10,1142,売掛金,3200,,    ,,810,,600,60,振込手数料,,,
2025/5/31,,,1142,売掛金,3,,    ,,810,,4106,委託料売上,    ,,3,川崎委託,110,10,8968168,896816,業務委託料,,,
2025/5/31,,,6220,支払手数料,    ,,0,共通部門,310,10,1142,売掛金,3034,,    ,,810,,255,25,振込手数料相殺,ひまわり高津つどいの,,
2025/5/31,,,6220,支払手数料,    ,,0,共通部門,310,10,1142,売掛金,3126,,    ,,810,,600,60,振込手数料相殺,ﾒｯﾄﾞﾄﾗｽﾄ東京,,
2025/5/31,,,1112,普通預金,2,,    ,,810,,1142,売掛金,3192,,    ,,810,,15400,,売掛の入金　手数料売上,㈱NTプラス,,
2025/5/31,,,1142,売掛金,3172,,    ,,810,,4103,手数料売上,    ,,1,横浜,110,10,34960,3496,5月分 手数料売上,(株)優和,,
2025/5/31,,,1142,売掛金,3098,,    ,,810,,4103,手数料売上,    ,,1,横浜,110,10,16300,1630,5月分 手数料売上,ﾌｼﾞﾔﾓﾃﾞﾙ,,
2025/5/31,,,1142,売掛金,3103,,    ,,810,,4103,手数料売上,    ,,1,横浜,110,10,1200,120,5月分 手数料売上,(有)ホリ造形スタジオ,,
2025/5/31,,,1142,売掛金,3125,,    ,,810,,4103,手数料売上,    ,,1,横浜,110,10,12700,1270,5月分 手数料売上,㈲海老民,,
2025/5/31,,,1142,売掛金,3086,,    ,,810,,4103,手数料売上,    ,,1,横浜,110,10,8590,859,5月分 手数料売上,原田管理商会,,
2025/5/31,,,1142,売掛金,3044,,    ,,810,,4103,手数料売上,    ,,1,横浜,110,10,6290,629,5月分 手数料売上,三協ｴﾝｼﾞﾆｱﾘﾝｸﾞ,,
2025/5/31,,,1142,売掛金,3054,,    ,,810,,4103,手数料売上,    ,,1,横浜,110,10,15000,1500,5月分 手数料売上,㈲珠洲,,
2025/5/31,,,1142,売掛金,3079,,    ,,810,,4103,手数料売上,    ,,1,横浜,110,10,7700,770,5月分 手数料売上,日成工業,,
2025/5/31,,,1142,売掛金,3096,,    ,,810,,4103,手数料売上,    ,,1,横浜,110,10,24560,2456,5月分 手数料売上,富士教材,,
2025/5/31,,,1142,売掛金,3211,,    ,,810,,4103,手数料売上,    ,,1,横浜,110,10,6100,610,5月分 手数料売上,History元住吉店,,
2025/5/31,,,1142,売掛金,2001,,    ,,810,,4103,手数料売上,    ,,1,横浜,110,10,237720,23772,5月分 手数料売上,J&T環境,,
2025/5/31,,,1142,売掛金,3158,,    ,,810,,4103,手数料売上,    ,,1,横浜,110,10,7050,705,5月分 手数料売上,NPO　SSS,,
2025/5/31,,,1142,売掛金,1014,,    ,,810,,4103,手数料売上,    ,,1,横浜,110,10,5960,596,5月分 手数料売上,小杉駅周辺エリアマネ,,
2025/5/31,,,1142,売掛金,3043,,    ,,810,,4103,手数料売上,    ,,1,横浜,110,10,6270,627,5月分 手数料売上,sunnyこどもｸﾘﾆｯｸ,,
2025/5/31,,,1142,売掛金,1007,,    ,,810,,4103,手数料売上,    ,,1,横浜,110,10,4540,454,5月分 手数料売上,TKプロジェクト,,
2025/5/31,,,1142,売掛金,3185,,    ,,810,,4103,手数料売上,    ,,1,横浜,110,10,40000,4000,5月分 手数料売上,有馬病院,,
2025/5/31,,,1142,売掛金,3013,,    ,,810,,4103,手数料売上,    ,,1,横浜,110,10,3370,337,5月分 手数料売上,ｲﾏｰｼﾞｱｸﾄ南加瀬,,
2025/5/31,,,1142,売掛金,3201,,    ,,810,,4103,手数料売上,    ,,1,横浜,110,10,2800,280,5月分 手数料売上,オールマイト㈱,,
2025/5/31,,,1142,売掛金,3029,,    ,,810,,4103,手数料売上,    ,,1,横浜,110,10,14190,1419,5月分 手数料売上,カフェ　ド　シュロ,,
2025/5/31,,,1142,売掛金,2011,,    ,,810,,4103,手数料売上,    ,,1,横浜,110,10,23610,2361,5月分 手数料売上,リーズジャパン,,
2025/5/31,,,1142,売掛金,3032,,    ,,810,,4103,手数料売上,    ,,1,横浜,110,10,10860,1086,5月分 手数料売上,くもい歯科ｸﾘﾆｸ,,
2025/5/31,,,1142,売掛金,3179,,    ,,810,,4103,手数料売上,    ,,1,横浜,110,10,5960,596,5月分 手数料売上,クラブティピラティス溝の口,,
2025/5/31,,,1142,売掛金,3187,,    ,,810,,4103,手数料売上,    ,,1,横浜,110,10,1800,180,5月分 手数料売上,グリーン調剤薬局,,
2025/5/31,,,1142,売掛金,2047,,    ,,810,,4103,手数料売上,    ,,1,横浜,110,10,123740,12374,5月分 手数料売上,京浜総合病院,,
2025/5/31,,,1142,売掛金,2047,,    ,,810,,4103,手数料売上,    ,,1,横浜,110,10,24070,2407,5月分 手数料売上,京浜総合病院,,
2025/5/31,,,1142,売掛金,3041,,    ,,810,,4103,手数料売上,    ,,1,横浜,110,10,21160,2116,5月分 手数料売上,ｺﾊﾞｯｸ亀ヶ谷ﾓｰﾀｰｽ,,
2025/5/31,,,1142,売掛金,1011,,    ,,810,,4103,手数料売上,    ,,1,横浜,110,10,4060,406,5月分 手数料売上,こぱんはうすさくら久,,
2025/5/31,,,1142,売掛金,3045,,    ,,810,,4103,手数料売上,    ,,1,横浜,110,10,38980,3898,5月分 手数料売上,ｻﾝﾒﾃﾞｨｯｸｽ,,
2025/5/31,,,1142,売掛金,3049,,    ,,810,,4103,手数料売上,    ,,1,横浜,110,10,6760,676,5月分 手数料売上,ｼﾃｨｰ企画工業,,
2025/5/31,,,1142,売掛金,3170,,    ,,810,,4103,手数料売上,    ,,1,横浜,110,10,8400,840,5月分 手数料売上,スタジオそら,,
2025/5/31,,,1142,売掛金,1003,,    ,,810,,4103,手数料売上,    ,,1,横浜,110,10,6100,610,5月分 手数料売上,スナック千恵,,
2025/5/31,,,1142,売掛金,3193,,    ,,810,,4103,手数料売上,    ,,1,横浜,110,10,4730,473,5月分 手数料売上,セカンドホーム武蔵小杉店,,
2025/5/31,,,1142,売掛金,1017,,    ,,810,,4103,手数料売上,    ,,1,横浜,110,10,6000,600,5月分 手数料売上,ｾﾝﾄﾗﾙ薬局,,
2025/5/31,,,1142,売掛金,3063,,    ,,810,,4103,手数料売上,    ,,1,横浜,110,10,1900,190,5月分 手数料売上,たすけあい多摩,,
2025/5/31,,,1142,売掛金,3204,,    ,,810,,4103,手数料売上,    ,,1,横浜,110,10,30000,3000,5月分 手数料売上,ティーエスエンバイロ㈱,,
2025/5/31,,,1142,売掛金,3070,,    ,,810,,4103,手数料売上,    ,,1,横浜,110,10,3800,380,5月分 手数料売上,ﾃｨｰｴﾑ設備工業,,
2025/5/31,,,1142,売掛金,2921,,    ,,810,,4103,手数料売上,    ,,1,横浜,110,10,58000,5800,5月分 手数料売上,日本動物高度医療センター,,
2025/5/31,,,1142,売掛金,3081,,    ,,810,,4103,手数料売上,    ,,1,横浜,110,10,14380,1438,5月分 手数料売上,ﾆｭｰﾀｳﾝ㈱鷺沼店,,
2025/5/31,,,1142,売掛金,3209,,    ,,810,,4103,手数料売上,    ,,1,横浜,110,10,6480,648,5月分 手数料売上,登戸ブレスケアクリニック,,
2025/5/31,,,1142,売掛金,3165,,    ,,810,,4103,手数料売上,    ,,1,横浜,110,10,3600,360,5月分 手数料売上,ハウスクリニック,,
2025/5/31,,,1142,売掛金,3034,,    ,,810,,4103,手数料売上,    ,,1,横浜,110,10,22820,2282,5月分 手数料売上,ひまわり高津つどいの,,
2025/5/31,,,1142,売掛金,3093,,    ,,810,,4103,手数料売上,    ,,1,横浜,110,10,2160,216,5月分 手数料売上,ﾌﾟｱｶｲ,,
2025/5/31,,,1142,売掛金,3095,,    ,,810,,4103,手数料売上,    ,,1,横浜,110,10,10700,1070,5月分 手数料売上,ﾌｪｲｽ,,
2025/5/31,,,1142,売掛金,3177,,    ,,810,,4103,手数料売上,    ,,1,横浜,110,10,1900,190,5月分 手数料売上,福吉塗装,,
2025/5/31,,,1142,売掛金,3190,,    ,,810,,4103,手数料売上,    ,,1,横浜,110,10,3780,378,5月分 手数料売上,プラスワン京王稲田堤店,,
2025/5/31,,,1142,売掛金,3134,,    ,,810,,4103,手数料売上,    ,,1,横浜,110,10,7050,705,5月分 手数料売上,ﾌﾛｰﾗﾙ夢木香,,
2025/5/31,,,1142,売掛金,3131,,    ,,810,,4103,手数料売上,    ,,1,横浜,110,10,81000,8100,5月分 手数料売上,べったこ物流,,
2025/5/31,,,1142,売掛金,3169,,    ,,810,,4103,手数料売上,    ,,1,横浜,110,10,6100,610,5月分 手数料売上,やきとりおしどり,,
2025/5/31,,,1142,売掛金,3112,,    ,,810,,4103,手数料売上,    ,,1,横浜,110,10,1590,159,5月分 手数料売上,やきとり山吹,,
2025/5/31,,,1142,売掛金,3210,,    ,,810,,4103,手数料売上,    ,,1,横浜,110,10,460,46,5月分 手数料売上,㈲新光コーポレーション,,
2025/5/31,,,1142,売掛金,3114,,    ,,810,,4103,手数料売上,    ,,1,横浜,110,10,26320,2632,5月分 手数料売上,ﾕｰｽﾞﾚｯﾄ元住吉,,
2025/5/31,,,1142,売掛金,3118,,    ,,810,,4103,手数料売上,    ,,1,横浜,110,10,5910,591,5月分 手数料売上,ﾗｲﾌﾃｯｸ,,
2025/5/31,,,1142,売掛金,2010,,    ,,810,,4103,手数料売上,    ,,1,横浜,110,10,11875,1187,5月分 手数料売上,ラボラトリー,,
2025/5/31,,,1142,売掛金,3119,,    ,,810,,4103,手数料売上,    ,,1,横浜,110,10,5150,515,5月分 手数料売上,ﾗﾝﾄﾞﾗﾝﾄﾞﾘｰ　ﾗﾝﾄﾞﾗﾝﾄﾞﾘｰ読売ﾗﾝﾄﾞ店,,
2025/5/31,,,1142,売掛金,3120,,    ,,810,,4103,手数料売上,    ,,1,横浜,110,10,5720,572,5月分 手数料売上,ﾘｨｰｻﾝｸ,,
2025/5/31,,,1142,売掛金,1004,,    ,,810,,4103,手数料売上,    ,,1,横浜,110,10,2800,280,5月分 手数料売上,リタリコ　ジュニア,,
2025/5/31,,,1142,売掛金,3018,,    ,,810,,4103,手数料売上,    ,,1,横浜,110,10,3400,340,5月分 手数料売上,荏原実業,,
2025/5/31,,,1142,売掛金,3018,,    ,,810,,4103,手数料売上,    ,,1,横浜,110,10,1700,170,5月分 手数料売上,荏原実業,,
2025/5/31,,,1142,売掛金,3017,,    ,,810,,4103,手数料売上,    ,,1,横浜,110,10,5050,505,5月分 手数料売上,英和工業,,
2025/5/31,,,1142,売掛金,3026,,    ,,810,,4103,手数料売上,    ,,1,横浜,110,10,14190,1419,5月分 手数料売上,海鮮居酒屋　檸檬,,
2025/5/31,,,1142,売掛金,3048,,    ,,810,,4103,手数料売上,    ,,1,横浜,110,10,6290,629,5月分 手数料売上,JKB,,
2025/5/31,,,1142,売掛金,3137,,    ,,810,,4103,手数料売上,    ,,1,横浜,110,10,17700,1770,5月分 手数料売上,SHUHEI,,
2025/5/31,,,1142,売掛金,3207,,    ,,810,,4103,手数料売上,    ,,1,横浜,110,10,13600,1360,5月分 手数料売上,㈱ｱﾗｲﾝ,,
2025/5/31,,,1142,売掛金,3007,,    ,,810,,4103,手数料売上,    ,,1,横浜,110,10,17800,1780,5月分 手数料売上,ｲｰｽﾄｻｳﾝﾄﾞ,,
2025/5/31,,,1142,売掛金,3011,,    ,,810,,4103,手数料売上,    ,,1,横浜,110,10,35670,3567,5月分 手数料売上,ｲﾉﾍﾞｲｼｮﾝｵﾌﾞﾒﾃﾞｨｶﾙｻｰﾋ,,
2025/5/31,,,1142,売掛金,3159,,    ,,810,,4103,手数料売上,    ,,1,横浜,110,10,101600,10160,5月分 手数料売上,株式会社カナイエンタ,,
2025/5/31,,,1142,売掛金,3033,,    ,,810,,4103,手数料売上,    ,,1,横浜,110,10,1780,178,5月分 手数料売上,クラレット,,
2025/5/31,,,1142,売掛金,3200,,    ,,810,,4103,手数料売上,    ,,1,横浜,110,10,151485,15148,5月分 手数料売上,㈱サティスファクトリーBPO本部運用管理部,,
2025/5/31,,,1142,売掛金,3205,,    ,,810,,4103,手数料売上,    ,,1,横浜,110,10,12500,1250,5月分 手数料売上,㈱ジャパンプロセス,,
2025/5/31,,,1142,売掛金,3059,,    ,,810,,4103,手数料売上,    ,,1,横浜,110,10,34390,3439,5月分 手数料売上,ﾀｲﾔ館京浜高津,,
2025/5/31,,,1142,売掛金,3182,,    ,,810,,4103,手数料売上,    ,,1,横浜,110,10,13680,1368,5月分 手数料売上,㈱メイツ電子,,
2025/5/31,,,1142,売掛金,3126,,    ,,810,,4103,手数料売上,    ,,1,横浜,110,10,59310,5931,5月分 手数料売上,㈱ﾒｯﾄﾞﾄﾗｽﾄ東京,,
2025/5/31,,,1142,売掛金,3147,,    ,,810,,4103,手数料売上,    ,,1,横浜,110,10,55130,5513,5月分 手数料売上,ワンラインシステム,,
2025/5/31,,,1142,売掛金,3010,,    ,,810,,4103,手数料売上,    ,,1,横浜,110,10,18180,1818,5月分 手数料売上,井出紙工,,
2025/5/31,,,1142,売掛金,2024,,    ,,810,,4103,手数料売上,    ,,1,横浜,110,10,248700,24870,5月分 手数料売上,環境ｵﾌﾟﾃｨﾏﾙ,,
2025/5/31,,,1142,売掛金,3163,,    ,,810,,4103,手数料売上,    ,,1,横浜,110,10,19080,1908,5月分 手数料売上,宮崎華園,,
2025/5/31,,,1142,売掛金,1008,,    ,,810,,4103,手数料売上,    ,,1,横浜,110,10,17880,1788,5月分 手数料売上,溝の口オフィス,,
2025/5/31,,,1142,売掛金,3108,,    ,,810,,4103,手数料売上,    ,,1,横浜,110,10,3100,310,5月分 手数料売上,溝ノ口製麺渡辺商店,,
2025/5/31,,,1142,売掛金,3031,,    ,,810,,4103,手数料売上,    ,,1,横浜,110,10,9390,939,5月分 手数料売上,ｷｭｰﾋﾞｯｸｽ,,
2025/5/31,,,1142,売掛金,2026,,    ,,810,,4103,手数料売上,    ,,1,横浜,110,10,839400,83940,5月分 手数料売上,三友商事,,
2025/5/31,,,1142,売掛金,3046,,    ,,810,,4103,手数料売上,    ,,1,横浜,110,10,18140,1814,5月分 手数料売上,賛友精機,,
2025/5/31,,,1142,売掛金,3051,,    ,,810,,4103,手数料売上,    ,,1,横浜,110,10,37430,3743,5月分 手数料売上,七五三寿司,,
2025/5/31,,,1142,売掛金,3022,,    ,,810,,4103,手数料売上,    ,,1,横浜,110,10,1680,168,5月分 手数料売上,小笠原会計事務所,,
2025/5/31,,,1142,売掛金,3053,,    ,,810,,4103,手数料売上,    ,,1,横浜,110,10,28150,2815,5月分 手数料売上,昇辰電気,,
2025/5/31,,,1142,売掛金,3056,,    ,,810,,4103,手数料売上,    ,,1,横浜,110,10,14190,1419,5月分 手数料売上,新富,,
2025/5/31,,,1142,売掛金,3028,,    ,,810,,4103,手数料売上,    ,,1,横浜,110,10,51990,5199,5月分 手数料売上,神奈川中央交通東,,
2025/5/31,,,1142,売掛金,1019,,    ,,810,,4103,手数料売上,    ,,1,横浜,110,10,3400,340,5月分 手数料売上,川崎ｵｷｼﾄﾝ,,
2025/5/31,,,1142,売掛金,3173,,    ,,810,,4103,手数料売上,    ,,1,横浜,110,10,13600,1360,5月分 手数料売上,川崎市中部児童相談所,,
2025/5/31,,,1142,売掛金,3060,,    ,,810,,4103,手数料売上,    ,,1,横浜,110,10,37160,3716,5月分 手数料売上,太陽第一幼稚園,,
2025/5/31,,,1142,売掛金,3058,,    ,,810,,4103,手数料売上,    ,,1,横浜,110,10,1680,168,5月分 手数料売上,大丸化工,,
2025/5/31,,,1142,売掛金,3068,,    ,,810,,4103,手数料売上,    ,,1,横浜,110,10,5580,558,5月分 手数料売上,地質計測,,
2025/5/31,,,1142,売掛金,3129,,    ,,810,,4103,手数料売上,    ,,1,横浜,110,10,5910,591,5月分 手数料売上,中華福林,,
2025/5/31,,,1142,売掛金,3148,,    ,,810,,4103,手数料売上,    ,,1,横浜,110,10,32360,3236,5月分 手数料売上,中日本ｴｸｽﾄｰﾙ,,
2025/5/31,,,1142,売掛金,3073,,    ,,810,,4103,手数料売上,    ,,1,横浜,110,10,7082,708,5月分 手数料売上,東洋ｴﾚﾒﾝﾄ工業㈱,,
2025/5/31,,,1142,売掛金,3099,,    ,,810,,4103,手数料売上,    ,,1,横浜,110,10,5020,502,5月分 手数料売上,二子新地整骨院,,
2025/5/31,,,1142,売掛金,1012,,    ,,810,,4103,手数料売上,    ,,1,横浜,110,10,9790,979,5月分 手数料売上,美・デザイン ㈲大興資源へ請求,,
2025/5/31,,,1142,売掛金,3091,,    ,,810,,4103,手数料売上,    ,,1,横浜,110,10,1590,159,5月分 手数料売上,美容室コパン,,
2025/5/31,,,1142,売掛金,3097,,    ,,810,,4103,手数料売上,    ,,1,横浜,110,10,14090,1409,5月分 手数料売上,不二ﾌﾟﾗﾝﾄ工業㈱,,
2025/5/31,,,1142,売掛金,1013,,    ,,810,,4103,手数料売上,    ,,1,横浜,110,10,7560,756,5月分 手数料売上,平間耳鼻咽喉科,,
2025/5/31,,,1142,売掛金,3106,,    ,,810,,4103,手数料売上,    ,,1,横浜,110,10,66560,6656,5月分 手数料売上,岬水産,,
2025/5/31,,,1142,売掛金,3084,,    ,,810,,4103,手数料売上,    ,,1,横浜,110,10,9360,936,5月分 手数料売上,林整形外科,,
2025/5/31,,,1142,売掛金,3128,,    ,,810,,4103,手数料売上,    ,,1,横浜,110,10,12000,1200,5月分 手数料売上,㈱廣杉計器,,
2025/5/31,,,1142,売掛金,2543,,    ,,810,,4103,手数料売上,    ,,1,横浜,110,10,29450,2945,5月分 手数料売上,ブリヂストンタイヤソリューションジャパン,,
2025/5/31,,,1142,売掛金,35,,    ,,810,,4103,手数料売上,    ,,1,横浜,110,10,32250,3225,5月分 手数料売上,リハフロンティア株式,,
2025/5/31,,,1142,売掛金,34,,    ,,810,,4103,手数料売上,    ,,1,横浜,110,10,5150,515,5月分 手数料売上,㈱siesta,,
2025/5/31,,,1142,売掛金,33,,    ,,810,,4103,手数料売上,    ,,1,横浜,110,10,3900,390,5月分 手数料売上,㈱Gradeup,,
2025/5/31,,,1142,売掛金,39,,    ,,810,,4103,手数料売上,    ,,1,横浜,110,10,7620,762,5月分 手数料売上,ｶﾒﾊﾁﾍﾞｰｶﾘｰ,,
2025/5/31,,,1142,売掛金,3228,,    ,,810,,4103,手数料売上,    ,,1,横浜,110,10,8630,863,5月分 手数料売上,㈱hope(放課後デイサービスkanoa),,
2025/5/31,,,1142,売掛金,3230,,    ,,810,,4103,手数料売上,    ,,1,横浜,110,10,4770,477,5月分 手数料売上,healing　OFF,,
2025/5/31,,,1142,売掛金,3148,,    ,,810,,4103,手数料売上,    ,,1,横浜,110,10,22210,2221,5月分 手数料売上,中日本ｴｸｽﾄｰﾙ横浜,,
2025/5/31,,,1142,売掛金,3231,,    ,,810,,4103,手数料売上,    ,,1,横浜,110,10,4680,468,5月分 手数料売上,㈱東京カーリース,,
2025/5/31,,,6231,雑費,    ,,1,横浜,511,10,1142,売掛金,3018,,    ,,810,,600,60,振込手数料,,,
2025/5/31,,,4103,手数料売上,    ,,1,横浜,110,10,1142,売掛金,3192,,    ,,810,,10,1,5月分 手数料売上,㈱NTプラス,,
2025/5/31,,,1142,売掛金,2,,    ,,810,,4105,商品売上,    ,,1,横浜,110,10,282187,28218,手数料売上　こづか㈱,こづか㈱,,
2025/5/31,,,1142,売掛金,2,,    ,,810,,4102,作業料売上　ｺﾂﾞｶ㈱,    ,,1,横浜,110,10,90000,9000,こづか事務手数料（千葉さん・的場さん）,こづか㈱,,
2025/5/31,,,1142,売掛金,1,,    ,,810,,4101,作業料売上　㈲大興資源,    ,,1,横浜,110,10,981819,98181,廃棄物収集請負,㈲大興資源,,
2025/6/2,,,1101,現金,    ,,    ,,810,,1142,売掛金,3108,,    ,,810,,1870,,一廃収集運搬処分,㈲溝の口製麺渡辺商店,,
2025/6/2,,,1101,現金,    ,,    ,,810,,1142,売掛金,3132,,    ,,810,,1870,,段ボール回収,㈱ソノコム,,
2025/6/2,,,1112,普通預金,2,,    ,,810,,1142,売掛金,3046,,    ,,810,,27951,,売掛の入金　手数料売上,賛友精機㈱,,
2025/6/2,,,1112,普通預金,2,,    ,,810,,1142,売掛金,3169,,    ,,810,,5621,,売掛の入金　手数料売上,やきとりおしどり　マツイヨシオ,,
2025/6/4,,,1112,普通預金,2,,    ,,810,,1142,売掛金,3084,,    ,,810,,10296,,売掛の入金　手数料売上,ハヤシ　オウスケ,,
2025/6/4,,,1112,普通預金,2,,    ,,810,,1142,売掛金,3210,,    ,,810,,506,,売掛の入金　手数料売上,㈲新光ｺｰﾎﾟﾚｰｼｮﾝ,,
2025/6/4,,,1112,普通預金,2,,    ,,810,,1142,売掛金,3231,,    ,,810,,5148,,売掛の入金　手数料売上,㈱東京ｶｰﾘｰｽ,,
2025/6/5,,,1112,普通預金,1,,    ,,810,,1142,売掛金,3207,,    ,,810,,14575,,売掛の入金　手数料売上,㈱アライン,,
2025/6/5,,,1112,普通預金,2,,    ,,810,,1142,売掛金,1011,,    ,,810,,1749,,売掛の入金　手数料売上,こぱんはすさくら久末教室,,
2025/6/5,,,1112,普通預金,2,,    ,,810,,1142,売掛金,3043,,    ,,810,,6897,,売掛の入金　手数料売上,サニーサイド,,
2025/6/5,,,1112,普通預金,2,,    ,,810,,1142,売掛金,3081,,    ,,810,,15818,,売掛の入金　手数料売上,ニュータウン鷺沼,,
2025/6/5,,,6231,雑費,    ,,0,共通部門,511,10,1142,売掛金,3207,,    ,,810,,350,35,振込手数料,,,
2025/6/6,,,1112,普通預金,2,,    ,,810,,1142,売掛金,3056,,    ,,810,,15609,,売掛の入金　手数料売上,新富,,
2025/6/6,,,1112,普通預金,2,,    ,,810,,1142,売掛金,3182,,    ,,810,,15048,,売掛の入金　手数料売上,メイツ電子,,
2025/6/6,,,1112,普通預金,2,,    ,,810,,1142,売掛金,3044,,    ,,810,,6919,,売掛の入金　手数料売上,㈲三協エンジニアリング,,
2025/6/6,,,1112,普通預金,2,,    ,,810,,1142,売掛金,3112,,    ,,810,,1749,,売掛の入金　手数料売上　5月分,やきとり山吹,,
2025/6/6,,,1112,普通預金,2,,    ,,810,,1142,売掛金,1014,,    ,,810,,6556,,売掛の入金　手数料売上　9月分,小杉駅駅前周辺,,
2025/6/6,,,1112,普通預金,2,,    ,,810,,1142,売掛金,3230,,    ,,810,,5247,,売掛の入金　手数料売上,㈱ﾋｰﾘﾝｸﾞｵﾌ,,
2025/6/9,,,1112,普通預金,2,,    ,,810,,1142,売掛金,3026,,    ,,810,,15609,,売掛の入金　手数料売上,セト　ケンジ,,
2025/6/9,,,1112,普通預金,2,,    ,,810,,1142,売掛金,3031,,    ,,810,,10329,,売掛の入金　手数料売上,キュービクス,,
2025/6/9,,,1112,普通預金,2,,    ,,810,,1142,売掛金,3205,,    ,,810,,19800,,売掛の入金　手数料売上,㈱ジャパンプロセス,,
2025/6/9,,,1112,普通預金,2,,    ,,810,,1142,売掛金,3051,,    ,,810,,41173,,売掛の入金　手数料売上,七五三寿司,,
2025/6/9,,,1112,普通預金,2,,    ,,810,,1142,売掛金,39,,    ,,810,,8382,,売掛の入金　手数料売上,カメハチベーカリー　オオクボ,,
2025/6/10,,,6220,支払手数料,    ,,0,共通部門,310,10,1142,売掛金,2024,,    ,,810,,350,35,振込手数料相殺,環境オプティマル,,
2025/6/10,,,1112,普通預金,2,,    ,,810,,1142,売掛金,1,,    ,,810,,263285,,売掛の入金　手数料売上,環境オプティマル,,
2025/6/10,,,1112,普通預金,2,,    ,,810,,1142,売掛金,2047,,    ,,810,,22693,,売掛の入金　手数料売上,京浜総合病院,,
2025/6/10,,,1112,普通預金,2,,    ,,810,,1142,売掛金,3103,,    ,,810,,2200,,売掛の入金　手数料売上,㈲ホリ造形スタジオ,,
2025/6/10,,,1112,普通預金,2,,    ,,810,,1142,売掛金,3053,,    ,,810,,107283,,売掛の入金　手数料売上,昇辰電気 4月分 入金が多い,,
2025/6/10,,,1112,普通預金,2,,    ,,810,,1142,売掛金,3211,,    ,,810,,19162,,売掛の入金　手数料売上,スリーアール,,
2025/6/10,,,6220,支払手数料,    ,,0,共通部門,310,10,1142,売掛金,2047,,    ,,810,,250,25,振込手数料,,,
2025/6/11,,,1112,普通預金,2,,    ,,810,,1142,売掛金,3073,,    ,,810,,7790,,売掛の入金　手数料売上,東洋エレメント工業,,
2025/6/11,,,1112,普通預金,2,,    ,,810,,1142,売掛金,3099,,    ,,810,,5522,,売掛の入金　手数料売上,二子新地整骨院,,
2025/6/11,,,1112,普通預金,2,,    ,,810,,1142,売掛金,3129,,    ,,810,,6501,,売掛の入金　手数料売上　5月分,中華福林,,
2025/6/12,,,1112,普通預金,2,,    ,,810,,1142,売掛金,2,,    ,,810,,99000,,振込　コツ゛カ（カ,,,
2025/6/12,,,1112,普通預金,2,,    ,,810,,1142,売掛金,2,,    ,,810,,310405,,振込　コツ゛カ（カ,,,
2025/6/12,,,1112,普通預金,2,,    ,,810,,1142,売掛金,3125,,    ,,810,,13970,,売掛の入金　手数料売上,海老民,,
2025/6/12,,,1112,普通預金,2,,    ,,810,,1142,売掛金,3093,,    ,,810,,2376,,売掛の入金　手数料売上,プアカイナチュラルスペース,,
2025/6/13,,,1112,普通預金,2,,    ,,810,,1142,売掛金,3033,,    ,,810,,1958,,.売掛の入金　手数料売上,クラレット,,
2025/6/13,,,1112,普通預金,2,,    ,,810,,1142,売掛金,3177,,    ,,810,,2090,,売掛の入金　手数料売上,福吉塗装,,
2025/6/13,,,1112,普通預金,2,,    ,,810,,1142,売掛金,3148,,    ,,810,,60027,,売掛の入金　手数料売上,中日本エクストール,,
2025/6/13,,,1112,普通預金,2,,    ,,810,,1142,売掛金,3063,,    ,,810,,2090,,売掛の入金　手数料売上　7月分,たすけあい多摩,,
2025/6/13,,,1112,普通預金,2,,    ,,810,,1142,売掛金,3120,,    ,,810,,6292,,売掛の入金　手数料売上,ﾘｨｰｻﾝｸ,,
2025/6/13,,,1112,普通預金,2,,    ,,810,,1142,売掛金,3096,,    ,,810,,27016,,売掛の入金　手数料売上　4月分,富士教材,,
2025/6/17,,,1101,現金,    ,,    ,,810,,1142,売掛金,1015,,    ,,810,,1540,,資源物収集運搬,㈱ウィディホールディングス,,
2025/6/17,,,1112,普通預金,2,,    ,,810,,1142,売掛金,3054,,    ,,810,,16500,,売掛の入金　手数料売上　4月分,(有)珠洲,,
2025/6/17,,,1112,普通預金,2,,    ,,810,,1142,売掛金,3209,,    ,,810,,7128,,売掛の入金　手数料売上,登戸ブレストケアクリニック,,
2025/6/18,,,1112,普通預金,2,,    ,,810,,1142,売掛金,3097,,    ,,810,,15499,,売掛の入金　手数料売上,不二ﾌﾟﾗﾝﾄ工業,,
2025/6/18,,,1112,普通預金,2,,    ,,810,,1142,売掛金,3163,,    ,,810,,20988,,売掛の入金　手数料売上,宮崎華園,,
2025/6/20,,,1112,普通預金,1,,    ,,810,,1142,売掛金,2047,,    ,,810,,136114,,売掛の入金　手数料売上,京浜総合病院,,
2025/6/20,,,1112,普通預金,2,,    ,,810,,1142,売掛金,2543,,    ,,810,,32395,,売掛の入金　手数料売上,ブリジストンタイヤソリューションジャパン,,
2025/6/20,,,1112,普通預金,2,,    ,,810,,1142,売掛金,3059,,    ,,810,,37829,,売掛の入金　手数料売上,ブリヂストンリテール,,
2025/6/20,,,1112,普通預金,2,,    ,,810,,1142,売掛金,3032,,    ,,810,,11946,,売掛の入金　手数料売上　5月分,くもい歯科（ｸﾓｲﾋﾃﾞｷ,,
2025/6/23,,,1112,普通預金,1,,    ,,810,,1142,売掛金,3173,,    ,,810,,14520,,売掛の入金　手数料売上,川崎市中部児童相談所,,
2025/6/23,,,1112,普通預金,1,,    ,,810,,1142,売掛金,3173,,    ,,810,,1760,,売掛の入金　手数料売上,川崎市中部児童相談所,,
2025/6/23,,,1112,普通預金,2,,    ,,810,,1142,売掛金,3228,,    ,,810,,9493,,売掛の入金　手数料売上,㈱hope,,
2025/6/23,,,1112,普通預金,2,,    ,,810,,1142,売掛金,3095,,    ,,810,,11770,,売掛の入金　手数料売上,フェイス美容室,,
2025/6/24,,,1112,普通預金,2,,    ,,810,,1142,売掛金,3022,,    ,,810,,1848,,売掛の入金　手数料売上,小笠原会計事務所,,
2025/6/24,,,1112,普通預金,2,,    ,,810,,1142,売掛金,3107,,    ,,810,,3058,,売掛の入金　手数料売上,水谷建築設計,,
2025/6/24,,,1112,普通預金,2,,    ,,810,,1142,売掛金,3060,,    ,,810,,40876,,売掛の入金　手数料売上,太陽第一幼稚園,,
2025/6/24,,,1112,普通預金,2,,    ,,810,,1142,売掛金,3172,,    ,,810,,67540,,売掛の入金　手数料売上,(株)優和,,
2025/6/24,,,1112,普通預金,2,,    ,,810,,1142,売掛金,34,,    ,,810,,5665,,売掛の入金　手数料売上,㈱シエスタ,,
2025/6/25,,,1112,普通預金,2,,    ,,810,,1142,売掛金,3158,,    ,,810,,7755,,売掛の入金　手数料売上,セキュリティライフ,,
2025/6/25,,,1112,普通預金,2,,    ,,810,,1142,売掛金,3041,,    ,,810,,23276,,売掛の入金　手数料売上,㈲亀ヶ谷モータース,,
2025/6/25,,,1112,普通預金,2,,    ,,810,,1142,売掛金,2921,,    ,,810,,63800,,売掛の入金　手数料売上,㈱日本動物高度医療センター,,
2025/6/25,,,1112,普通預金,2,,    ,,810,,1142,売掛金,3166,,    ,,810,,4026,,売掛の入金　手数料売上,㈱いっぽ,,
2025/6/26,,,1112,普通預金,2,,    ,,810,,1142,売掛金,3137,,    ,,810,,19470,,売掛の入金　手数料売上,SHUHEI,,
2025/6/26,,,1112,普通預金,2,,    ,,810,,1142,売掛金,3201,,    ,,810,,3080,,売掛の入金　手数料売上,オールマイト㈱,,
2025/6/26,,,1112,普通預金,2,,    ,,810,,1142,売掛金,3010,,    ,,810,,19998,,売掛の入金　手数料売上,㈱井出紙工,,
2025/6/27,,,1112,普通預金,2,,    ,,810,,1142,売掛金,2026,,    ,,810,,970530,,売掛の入金　手数料売上,㈲三友商事 入金が多い,,
2025/6/27,,,1112,普通預金,2,,    ,,810,,1142,売掛金,3165,,    ,,810,,3960,,売掛の入金　手数料売上,㈱リフト,,
2025/6/27,,,1112,普通預金,2,,    ,,810,,1142,売掛金,3011,,    ,,810,,39237,,売掛の入金　手数料売上,イノベイションオブメディカルサービス,,
2025/6/27,,,1112,普通預金,2,,    ,,810,,1142,売掛金,3079,,    ,,810,,8470,,売掛の入金　手数料売上,日成工業,,
2025/6/28,,,1112,普通預金,2,,    ,,810,,1142,売掛金,3169,,    ,,810,,6710,,売掛の入金　手数料売上,やきとりおしどり　マツイヨシオ,,
2025/6/29,,,1112,普通預金,2,,    ,,810,,1142,売掛金,3134,,    ,,810,,7755,,売掛の入金　手数料売上,シバタ　ヒロアキ,,
2025/6/30,,,1142,売掛金,3,,    ,,810,,4106,委託料売上,    ,,3,川崎委託,110,10,8968168,896816,業務委託料,,,
2025/6/30,,,6220,支払手数料,    ,,0,共通部門,310,10,1142,売掛金,3034,,    ,,810,,255,25,振込手数料相殺,ひまわり高津つどいの,,
2025/6/30,,,6220,支払手数料,    ,,0,共通部門,310,10,1142,売掛金,3126,,    ,,810,,600,60,振込手数料相殺,ﾒｯﾄﾞﾄﾗｽﾄ東京,,
2025/6/30,,,1101,現金,    ,,    ,,810,,1142,売掛金,3108,,    ,,810,,3410,,一廃収集運搬処理,㈲溝の口製麺　渡辺商店,,
2025/6/30,,,1112,普通預金,1,,    ,,810,,1142,売掛金,2001,,    ,,810,,261492,,売掛の入金　手数料売上,J&T環境,,
2025/6/30,,,1112,普通預金,1,,    ,,810,,1142,売掛金,3,,    ,,810,,9864983,,業務委託料,川崎市,,
2025/6/30,,,1112,普通預金,1,,    ,,810,,1142,売掛金,2010,,    ,,810,,13062,,売掛の入金　手数料売上　3月分,ﾗﾎﾞﾗﾄﾘｰ,,
2025/6/30,,,1112,普通預金,1,,    ,,810,,1142,売掛金,3200,,    ,,810,,165973,,売掛の入金　手数料売上,サティスファクトリー,,
2025/6/30,,,1112,普通預金,2,,    ,,810,,1142,売掛金,3045,,    ,,810,,42878,,売掛の入金　手数料売上,サンメディックス㈱,,
2025/6/30,,,1112,普通預金,2,,    ,,810,,1142,売掛金,3049,,    ,,810,,7436,,売掛の入金　手数料売上,ｼﾃｨｰ企画工業,,
2025/6/30,,,1112,普通預金,2,,    ,,810,,1142,売掛金,3118,,    ,,810,,6501,,売掛の入金　手数料売上,㈲ライフテック,,
2025/6/30,,,1112,普通預金,2,,    ,,810,,1142,売掛金,1,,    ,,810,,220000,,,㈲大興資源,,
2025/6/30,,,1112,普通預金,2,,    ,,810,,1142,売掛金,3098,,    ,,810,,17930,,売掛の入金　手数料売上,㈲フジヤモデル,,
2025/6/30,,,1112,普通預金,2,,    ,,810,,1142,売掛金,3018,,    ,,810,,5610,,売掛の入金　手数料売上,荏原実業㈱、荏原実業中央研究所,,
2025/6/30,,,1112,普通預金,2,,    ,,810,,1142,売掛金,3159,,    ,,810,,111760,,売掛の入金　手数料売上,ｶﾅｲｴﾝﾀｰﾌﾟﾗｲｽﾞ,,
2025/6/30,,,1112,普通預金,2,,    ,,810,,1142,売掛金,3007,,    ,,810,,19580,,売掛の入金　手数料売上,イーストサウンド,,
2025/6/30,,,1112,普通預金,2,,    ,,810,,1142,売掛金,2,,    ,,810,,60010,,振込　コツ゛カ（カ,,,
2025/6/30,,,1112,普通預金,2,,    ,,810,,1142,売掛金,2,,    ,,810,,98913,,振込　コツ゛カ（カ,,,
2025/6/30,,,1112,普通預金,2,,    ,,810,,1142,売掛金,1007,,    ,,810,,4994,,売掛の入金　手数料売上,TKプロジェクト,,
2025/6/30,,,1112,普通預金,2,,    ,,810,,1142,売掛金,1011,,    ,,810,,4466,,,㈱ｲｲｼｮｸ,,
2025/6/30,,,1112,普通預金,2,,    ,,810,,1142,売掛金,35,,    ,,810,,35475,,売掛の入金　手数料売上,㈱ビーナス,,
2025/6/30,,,1112,普通預金,2,,    ,,810,,1142,売掛金,33,,    ,,810,,4290,,売掛の入金　手数料売上,㈱グレードアップ,,
2025/6/30,,,1112,普通預金,2,,    ,,810,,1142,売掛金,3070,,    ,,810,,4180,,売掛の入金　手数料売上,ﾃｨｰｴﾑ設備工業,,
2025/6/30,,,1112,普通預金,2,,    ,,810,,1142,売掛金,3128,,    ,,810,,13200,,売掛の入金　手数料売上,㈱|廣杉計器,,
2025/6/30,,,1112,普通預金,2,,    ,,810,,1142,売掛金,1019,,    ,,810,,3740,,売掛の入金　手数料売上,川崎オキシトン,,
2025/6/30,,,1112,普通預金,2,,    ,,810,,1142,売掛金,3106,,    ,,810,,73216,,売掛の入金　手数料売上,岬水産,,
2025/6/30,,,1112,普通預金,2,,    ,,810,,1142,売掛金,3204,,    ,,810,,33000,,売掛の入金　手数料売上,ティーエスエンバイロ,,
2025/6/30,,,1112,普通預金,2,,    ,,810,,1142,売掛金,3147,,    ,,810,,60643,,売掛の入金　手数料売上,㈱ワンラインシステム,,
2025/6/30,,,1112,普通預金,2,,    ,,810,,1142,売掛金,3187,,    ,,810,,1980,,売掛の入金　手数料売上,㈲ｸﾞﾘｰﾝ調剤薬局,,
2025/6/30,,,1112,普通預金,2,,    ,,810,,1142,売掛金,3028,,    ,,810,,57189,,売掛の入金　手数料売上　4月分,神奈川中央交通東,,
2025/6/30,,,1112,普通預金,2,,    ,,810,,1142,売掛金,3126,,    ,,810,,64581,,売掛の入金　手数料売上,ﾒｯﾄﾞﾄﾗｽﾄ東京,,
2025/6/30,,,1112,普通預金,2,,    ,,810,,1142,売掛金,3034,,    ,,810,,24822,,売掛の入金　手数料売上,長谷工シニアウエル,,
2025/6/30,,,1112,普通預金,2,,    ,,810,,1142,売掛金,3048,,    ,,810,,6919,,売掛の入金　手数料売上,㈱JKB,,
2025/6/30,,,1112,普通預金,2,,    ,,810,,1142,売掛金,3017,,    ,,810,,5555,,売掛の入金　手数料売上,英和工業㈱,,
2025/6/30,,,1112,普通預金,2,,    ,,810,,1142,売掛金,3046,,    ,,810,,19954,,売掛の入金　手数料売上,賛友精機㈱,,
2025/6/30,,,1112,普通預金,2,,    ,,810,,1142,売掛金,3068,,    ,,810,,6138,,売掛の入金　手数料売上,地質計測,,
2025/6/30,,,1112,普通預金,2,,    ,,810,,1142,売掛金,3058,,    ,,810,,1848,,売掛の入金　手数料売上,大丸化工,,
2025/6/30,,,1112,普通預金,2,,    ,,810,,1142,売掛金,3179,,    ,,810,,6556,,売掛の入金　手数料売上,カ）ロクマル,,
2025/6/30,,,1112,普通預金,2,,    ,,810,,1142,売掛金,3185,,    ,,810,,44000,,売掛の入金　手数料売上,アイセイカイ,,
2025/6/30,,,1112,普通預金,2,,    ,,810,,1142,売掛金,3131,,    ,,810,,89100,,売掛の入金　手数料売上,㈱キンキショウジ,,
2025/6/30,,,1112,普通預金,2,,    ,,810,,1142,売掛金,3114,,    ,,810,,28952,,売掛の入金　手数料売上,エコミット,,
2025/6/30,,,1112,普通預金,2,,    ,,810,,1142,売掛金,1017,,    ,,810,,6600,,売掛の入金　手数料売上,エスエフインフォ,,
2025/6/30,,,1112,普通預金,2,,    ,,810,,1142,売掛金,3170,,    ,,810,,9240,,売掛の入金　手数料売上,アースキッズ,,
2025/6/30,,,1112,普通預金,2,,    ,,810,,1142,売掛金,1008,,    ,,810,,19668,,売掛の入金　手数料売上,エムコミュー,,
2025/6/30,,,9999,諸口,    ,,    ,,810,,1142,売掛金,3086,,    ,,810,,9449,,売掛の入金　手数料売上,㈲原田管理商会,,
2025/6/30,,,9999,諸口,    ,,    ,,810,,1142,売掛金,3119,,    ,,810,,5665,,売掛の入金　手数料売上,㈲原田管理商会,,
2025/6/30,,,9999,諸口,    ,,    ,,810,,1142,売掛金,3029,,    ,,810,,15609,,売掛の入金　手数料売上,㈲原田管理商会,,
2025/6/30,,,6220,支払手数料,    ,,0,共通部門,310,10,1142,売掛金,3200,,    ,,810,,600,60,振込手数料,,,
2025/7/10,,,6220,支払手数料,    ,,0,共通部門,310,10,1142,売掛金,2024,,    ,,810,,350,35,振込手数料相殺,環境オプティマル,,
2025/7/20,,,6220,支払手数料,    ,,0,共通部門,310,10,1142,売掛金,2047,,    ,,810,,800,80,振込手数料,,,
2025/7/30,,,6220,支払手数料,    ,,0,共通部門,310,10,1142,売掛金,3034,,    ,,810,,255,25,振込手数料相殺,ひまわり高津つどいの,,
2025/7/30,,,6220,支払手数料,    ,,0,共通部門,310,10,1142,売掛金,3126,,    ,,810,,600,60,振込手数料相殺,ﾒｯﾄﾞﾄﾗｽﾄ東京,,
2025/7/31,,,1142,売掛金,3,,    ,,810,,4106,委託料売上,    ,,3,川崎委託,110,10,8968168,896816,業務委託料,,,
2025/8/10,,,6220,支払手数料,    ,,0,共通部門,310,10,1142,売掛金,2024,,    ,,810,,350,35,振込手数料相殺,環境オプティマル,,
2025/8/20,,,6220,支払手数料,    ,,0,共通部門,310,10,1142,売掛金,2047,,    ,,810,,800,80,振込手数料,,,
2025/8/30,,,6220,支払手数料,    ,,0,共通部門,310,10,1142,売掛金,3034,,    ,,810,,255,25,振込手数料相殺,ひまわり高津つどいの,,
2025/8/30,,,6220,支払手数料,    ,,0,共通部門,310,10,1142,売掛金,3126,,    ,,810,,600,60,振込手数料相殺,ﾒｯﾄﾞﾄﾗｽﾄ東京,,
2025/8/31,,,1142,売掛金,3,,    ,,810,,4106,委託料売上,    ,,3,川崎委託,110,10,8968168,896816,業務委託料,,,
2025/9/10,,,6220,支払手数料,    ,,0,共通部門,310,10,1142,売掛金,2024,,    ,,810,,350,35,振込手数料相殺,環境オプティマル,,
2025/9/20,,,6220,支払手数料,    ,,0,共通部門,310,10,1142,売掛金,2047,,    ,,810,,800,80,振込手数料,,,
2025/9/30,,,1142,売掛金,3,,    ,,810,,4106,委託料売上,    ,,3,川崎委託,110,10,8968168,896816,業務委託料,,,
2025/9/30,,,6220,支払手数料,    ,,0,共通部門,310,10,1142,売掛金,3126,,    ,,810,,600,60,振込手数料相殺,ﾒｯﾄﾞﾄﾗｽﾄ東京,,
2025/9/30,,,6220,支払手数料,    ,,0,共通部門,310,10,1142,売掛金,3034,,    ,,810,,255,25,振込手数料相殺,ひまわり高津つどい,,
